English,Chinese,PartOfSpeech,type,Class,Semester,Unit,Page,VocabularyId,ConceptId,ContentKind,AudioText,AcceptedAnswers,QuizModes,ExampleSentence,ExampleChinese,ExampleStatus,BaseForm,PastTense,PastParticiple,FullForm,ShortForm,RelationType,RelatedTerms,SingularForm,PluralForm,ClozePrompt,ClozeAnswer,NeedsReview,ReviewNotes,SourceKind,SourceFile,SourceImage,OCRConfidence
welcome party,歡迎派對,noun,phrase,Class 3,Second Semester,U3,p.24,way_to_go_11-2cf89d42e0c3,concept-38c361804aa3,phrase,welcome party,welcome party,en_zh_choice|zh_en_choice|listening|spelling,,,missing,,,,,,,,,,,,No,,existing_csv,way_to_go_11_vocabulary_import.csv,,
guess,猜測,verb,word,Class 3,Second Semester,U3,p.24,way_to_go_11-83efbf3f979f,concept-8a17a9111a0d,word,guess,guess,en_zh_choice|zh_en_choice|listening|spelling,,,missing,,,,,,,,,,,,No,,existing_csv,way_to_go_11_vocabulary_import.csv,,
stay up,熬夜（做某事）,verb_phrase,phrase,Class 3,Second Semester,U3,p.24,way_to_go_11-cc8e7dfd0163,concept-c4b965b2016c,phrase,stay up,stay up,en_zh_choice|zh_en_choice|listening|spelling,,,missing,,,,,,,,,,,,No,,existing_csv,way_to_go_11_vocabulary_import.csv,,
called,被稱作……的,adjective,word,Class 3,Second Semester,U3,p.24,way_to_go_11-25ae87cad808,concept-a02415b6c3f8,word,called,called,en_zh_choice|zh_en_choice|listening|spelling,,,missing,,,,,,,,,,,,No,,existing_csv,way_to_go_11_vocabulary_import.csv,,
late,晚些,adverb,word,Class 3,Second Semester,U3,p.24,way_to_go_11-3ee68131efed,concept-b8b2fde81d21,word,late,late,en_zh_choice|zh_en_choice|listening|spelling,,,missing,,,,,,,,,,,,No,,existing_csv,way_to_go_11_vocabulary_import.csv,,
receive,收到,verb,word,Class 4,Second Semester,U3,p.25,way_to_go_11-0a9b6a2eae80,concept-982b475524f0,word,receive,receive,en_zh_choice|zh_en_choice|listening|spelling,,,missing,,,,,,,,,,,,No,,existing_csv,way_to_go_11_vocabulary_import.csv,,
get hurt,受傷,verb_phrase,phrase,Class 4,Second Semester,U3,p.25,way_to_go_11-7a53cb5bf376,concept-8c53863bd613,phrase,get hurt,get hurt,en_zh_choice|zh_en_choice|listening|spelling,,,missing,,,,,,,,,,,,No,,existing_csv,way_to_go_11_vocabulary_import.csv,,
roller skate,穿輪式溜冰鞋溜冰,verb_phrase,phrase,Class 4,Second Semester,U3,p.25,way_to_go_11-32b65368579a,concept-ce3e3a904e33,phrase,roller skate,roller skate,en_zh_choice|zh_en_choice|listening|spelling,We roller skate in the park.,我們在公園裡溜直排輪。,curated,,,,,,,,,,,,No,,existing_csv,way_to_go_11_vocabulary_import.csv,,
roller skating,穿輪式溜冰鞋溜冰,noun,phrase,Class 4,Second Semester,U3,p.25,way_to_go_11-4b8dde2a5e8f,concept-f126016edbe6,phrase,roller skating,roller skating,en_zh_choice|zh_en_choice|listening|spelling,Roller skating is fun.,溜直排輪很好玩。,curated,,,,,,,,,,,,No,,existing_csv,way_to_go_11_vocabulary_import.csv,,
roller skates,輪式溜冰鞋（常用複數）,noun,word,Class 4,Second Semester,U3,p.25,way_to_go_11-7544acd34aaa,concept-c7b68b148a2c,word,roller skates,roller skates,en_zh_choice|zh_en_choice|listening|spelling,,,missing,,,,,,,,,,,,No,,existing_csv,way_to_go_11_vocabulary_import.csv,,
in the end,最後；終於,adverb_phrase,phrase,Class 4,Second Semester,U3,p.25,way_to_go_11-bcb9c99c7b83,concept-7fe6b79818c8,phrase,in the end,in the end,en_zh_choice|zh_en_choice|listening|spelling,,,missing,,,,,,,,,,,,No,,existing_csv,way_to_go_11_vocabulary_import.csv,,
proud of,為……而驕傲,adjective_phrase,phrase,Class 4,Second Semester,U3,p.25,way_to_go_11-256aaf420562,concept-ead04e49ede9,phrase,proud of,proud of,en_zh_choice|zh_en_choice|listening|spelling,,,missing,,,,,,,,,,,,No,,existing_csv,way_to_go_11_vocabulary_import.csv,,
on one's own = by oneself,獨自,adverb_phrase,phrase,Class 4,Second Semester,U3,p.25,way_to_go_11-8853678a4605,concept-57c19925edd6,phrase,on one's own = by oneself,on one's own = by oneself,en_zh_choice|zh_en_choice|listening,She finished the work on her own.,她獨自完成了工作。,curated,,,,,,,,,,,,No,詞性已確認為副詞片語。,existing_csv,way_to_go_11_vocabulary_import.csv,,
Africa,非洲,noun,word,Class 5,Second Semester,U4,p.26,way_to_go_11-980b5d2e13f9,concept-cfa9daff5f37,word,Africa,Africa,en_zh_choice|zh_en_choice|listening|spelling,,,missing,,,,,,,,,,,,No,,existing_csv,way_to_go_11_vocabulary_import.csv,,
safari,非洲探險旅行,noun,word,Class 5,Second Semester,U4,p.26,way_to_go_11-43f1e04f4866,concept-7fd89148aaf3,word,safari,safari,en_zh_choice|zh_en_choice|listening|spelling,,,missing,,,,,,,,,,,,No,,existing_csv,way_to_go_11_vocabulary_import.csv,,
souvenir,紀念品,noun,word,Class 5,Second Semester,U4,p.26,way_to_go_11-014bac8bf133,concept-349c847eeb77,word,souvenir,souvenir,en_zh_choice|zh_en_choice|listening|spelling,,,missing,,,,,,,,,,,,No,,existing_csv,way_to_go_11_vocabulary_import.csv,,
lose → lost → lost,遺失；丟掉,verb,irregular_verb,Class 5,Second Semester,U4,p.26,way_to_go_11-4ce18b269d6c,concept-28f5ac9edced,verb_forms,lose,lose,en_zh_choice|verb_form_choice|verb_form_input|listening,,,missing,lose,lost,lost,,,,,,,,,No,,existing_csv,way_to_go_11_vocabulary_import.csv,,
go whale watching,去賞鯨,verb_phrase,phrase,Class 5,Second Semester,U4,p.26,way_to_go_11-22e94e49c177,concept-531c04b9330b,phrase,go whale watching,go whale watching,en_zh_choice|zh_en_choice|listening|spelling,,,missing,,,,,,,,,,,,No,,existing_csv,way_to_go_11_vocabulary_import.csv,,
go on a safari,去非洲探險旅行,verb_phrase,phrase,Class 5,Second Semester,U4,p.26,way_to_go_11-76e7fe1180a1,concept-72fd9ba31b0c,phrase,go on a safari,go on a safari,en_zh_choice|zh_en_choice|listening,,,missing,,,,,,,,,,,,No,,existing_csv,way_to_go_11_vocabulary_import.csv,,
fantastic,絕佳的；很棒的,adjective,word,Class 5,Second Semester,U4,p.26,way_to_go_11-af0f0263ce92,concept-6030868ba76e,word,fantastic,fantastic,en_zh_choice|zh_en_choice|listening|spelling,,,missing,,,,,,,,,,,,No,,existing_csv,way_to_go_11_vocabulary_import.csv,,
disappointed,失望的,adjective,word,Class 5,Second Semester,U4,p.26,way_to_go_11-5ae9536a2125,concept-5776b345f0c4,word,disappointed,disappointed,en_zh_choice|zh_en_choice|listening|spelling,,,missing,,,,,,,,,,,,No,,existing_csv,way_to_go_11_vocabulary_import.csv,,
carsick,暈車的,adjective,word,Class 5,Second Semester,U4,p.26,way_to_go_11-40fa45d8f831,concept-ee9e4a7e6804,word,carsick,carsick,en_zh_choice|zh_en_choice|listening|spelling,,,missing,,,,,,,,,,,,No,,existing_csv,way_to_go_11_vocabulary_import.csv,,
traditional,傳統的,adjective,word,Class 5,Second Semester,U4,p.26,way_to_go_11-3114cdf33def,concept-54beda005615,word,traditional,traditional,en_zh_choice|zh_en_choice|listening|spelling,,,missing,,,,,,,,,,,,No,,existing_csv,way_to_go_11_vocabulary_import.csv,,
digital,數位的,adjective,word,Class 5,Second Semester,U4,p.26,way_to_go_11-87777bae45a6,concept-330e62972308,word,digital,digital,en_zh_choice|zh_en_choice|listening|spelling,,,missing,,,,,,,,,,,,No,,existing_csv,way_to_go_11_vocabulary_import.csv,,
interesting,令人感到有趣的,adjective,word,Class 5,Second Semester,U4,p.26,way_to_go_11-8f78e74fe317,concept-53e4a1237ccc,word,interesting,interesting,en_zh_choice|zh_en_choice|listening|spelling,,,missing,,,,,,,,,,,,No,,existing_csv,way_to_go_11_vocabulary_import.csv,,
What a shame!,真可惜！,interjection,phrase,Class 5,Second Semester,U4,p.26,way_to_go_11-e25eebf8651b,concept-a455c33aa2cb,phrase,What a shame!,What a shame!,en_zh_choice|zh_en_choice|listening,What a shame!,真可惜！,source_phrase,,,,,,,,,,,,No,,existing_csv,way_to_go_11_vocabulary_import.csv,,
able to,能夠（= can）,adjective_phrase,phrase,Class 5,Second Semester,U4,p.26,way_to_go_11-73ed3d97e635,concept-1d718b7fad26,phrase,able to,able to,en_zh_choice|zh_en_choice|listening|spelling,,,missing,,,,,,,,,,,,No,,existing_csv,way_to_go_11_vocabulary_import.csv,,
incredible,難以置信的；驚人的,adjective,word,Class 6,Second Semester,U4,p.27,way_to_go_11-0771d8e64f7b,concept-b5a89340482f,word,incredible,incredible,en_zh_choice|zh_en_choice|listening|spelling,,,missing,,,,,,,,,,,,No,,existing_csv,way_to_go_11_vocabulary_import.csv,,
experience,經驗,noun,word,Class 6,Second Semester,U4,p.27,way_to_go_11-9da8e5b8be9f,concept-0da8de484cec,word,experience,experience,en_zh_choice|zh_en_choice|listening|spelling,,,missing,,,,,,,,,,,,No,,existing_csv,way_to_go_11_vocabulary_import.csv,,
performance,演出；表演,noun,word,Class 6,Second Semester,U4,p.27,way_to_go_11-d6d5345dd5d2,concept-e10453dbbe84,word,performance,performance,en_zh_choice|zh_en_choice|listening|spelling,,,missing,,,,,,,,,,,,No,,existing_csv,way_to_go_11_vocabulary_import.csv,,
symphony,交響樂,noun,word,Class 6,Second Semester,U4,p.27,way_to_go_11-eddea9d106ea,concept-dc67af07f501,word,symphony,symphony,en_zh_choice|zh_en_choice|listening|spelling,,,missing,,,,,,,,,,,,No,,existing_csv,way_to_go_11_vocabulary_import.csv,,
the Empire State Building,帝國大廈,noun,word,Class 6,Second Semester,U4,p.27,way_to_go_11-faa792a65f35,concept-265ae9553542,word,the Empire State Building,the Empire State Building,en_zh_choice|zh_en_choice|listening|spelling,,,missing,,,,,,,,,,,,No,,existing_csv,way_to_go_11_vocabulary_import.csv,,
Times Square,時代廣場,noun,word,Class 6,Second Semester,U4,p.27,way_to_go_11-11a40304c07a,concept-3a1606b8b0e5,word,Times Square,Times Square,en_zh_choice|zh_en_choice|listening|spelling,,,missing,,,,,,,,,,,,No,,existing_csv,way_to_go_11_vocabulary_import.csv,,
Central Park,中央公園,noun,word,Class 6,Second Semester,U4,p.27,way_to_go_11-e5e814da94dd,concept-a8b04ee462d6,word,Central Park,Central Park,en_zh_choice|zh_en_choice|listening|spelling,,,missing,,,,,,,,,,,,No,,existing_csv,way_to_go_11_vocabulary_import.csv,,
Broadway play,百老匯戲劇,noun,phrase,Class 6,Second Semester,U4,p.27,way_to_go_11-c57541a47fe1,concept-d4932ac4ab91,phrase,Broadway play,Broadway play,en_zh_choice|zh_en_choice|listening|spelling,,,missing,,,,,,,,,,,,No,,existing_csv,way_to_go_11_vocabulary_import.csv,,
thrilled,感到一陣激動,adjective,word,Class 6,Second Semester,U4,p.27,way_to_go_11-c882029c1087,concept-e66fdcdbb1bb,word,thrilled,thrilled,en_zh_choice|zh_en_choice|listening|spelling,,,missing,,,,,,,,,,,,No,,existing_csv,way_to_go_11_vocabulary_import.csv,,
take a trip,去旅行,verb_phrase,phrase,Class 6,Second Semester,U4,p.27,way_to_go_11-820fdcc25dcd,concept-9fadc5b998a4,phrase,take a trip,take a trip,en_zh_choice|zh_en_choice|listening|spelling,,,missing,,,,,,,,,,,,No,,existing_csv,way_to_go_11_vocabulary_import.csv,,
by the time,當……的時候,conjunction_phrase,phrase,Class 7,Second Semester,U4,p.28,way_to_go_11-f96f0186fedb,concept-57c8bcebcb8c,phrase,by the time,by the time,en_zh_choice|zh_en_choice|listening|spelling,,,missing,,,,,,,,,,,,No,,existing_csv,way_to_go_11_vocabulary_import.csv,,
"By the time <A Ved>, <B> had <Vpp>.",當 A 的時候，B 已經……了,grammar_form,grammar_form,Class 7,Second Semester,U4,p.28,way_to_go_11-fd650b2d3a78,concept-72cf7fd922ab,grammar_pattern,,,grammar_choice|grammar_cloze,"By the time Mia arrived, Leo had left.",等到 Mia 抵達時，Leo 已經離開了。,draft,,,,,,,,,,"By the time Mia arrived, Leo ________.",had left,Yes,文法模板需以實際例句設定填空題答案；例句與填空為自動補強草稿，請依教材頁面確認後再啟用測驗,existing_csv,way_to_go_11_vocabulary_import.csv,,
arrive,抵達；到達,verb,word,Class 7,Second Semester,U4,p.28,way_to_go_11-c4113da4c358,concept-92984bdf6e8b,word,arrive,arrive,en_zh_choice|zh_en_choice|listening|spelling,,,missing,,,,,,,,,,,,No,,existing_csv,way_to_go_11_vocabulary_import.csv,,
hang up (+ the phone) → hung → hung,掛斷（電話）,verb,irregular_verb,Class 7,Second Semester,U4,p.28,way_to_go_11-9b80397145bf,concept-edbc0e38a3a8,verb_forms,hang up,hang up,en_zh_choice|verb_form_choice|verb_form_input|listening,,,missing,hang up,hung,hung,,,,,,,,,No,,existing_csv,way_to_go_11_vocabulary_import.csv,,
answer the phone,接電話,verb_phrase,phrase,Class 7,Second Semester,U4,p.28,way_to_go_11-12bf78e2e1b1,concept-0c34224b73b3,phrase,answer the phone,answer the phone,en_zh_choice|zh_en_choice|listening|spelling,,,missing,,,,,,,,,,,,No,,existing_csv,way_to_go_11_vocabulary_import.csv,,
concert,音樂會,noun,word,Class 7,Second Semester,U4,p.28,way_to_go_11-0caa67ca512f,concept-0066cbc595eb,word,concert,concert,en_zh_choice|zh_en_choice|listening|spelling,,,missing,,,,,,,,,,,,No,,existing_csv,way_to_go_11_vocabulary_import.csv,,
kid = child,小孩,noun,synonym_expression,Class 7,Second Semester,U4,p.28,way_to_go_11-8b1f26c5e3b5,concept-76bffd71ac65,word_relation,kid,kid|child,equivalent_choice|accepted_answer,The kid is playing outside.,那個小孩正在外面玩。,curated,,,,,,equivalent,kid|child,,,,,No,,existing_csv,way_to_go_11_vocabulary_import.csv,,
caller,打電話的人,noun,word,Class 7,Second Semester,U4,p.28,way_to_go_11-8d28c56cf88b,concept-ca3c9f2b426a,word,caller,caller,en_zh_choice|zh_en_choice|listening|spelling,,,missing,,,,,,,,,,,,No,,existing_csv,way_to_go_11_vocabulary_import.csv,,
after,在……之後,preposition,word,Class 8,Second Semester,U4,p.29,way_to_go_11-cb396dc36248,concept-f48ee8484139,word,after,after,en_zh_choice|zh_en_choice|listening|spelling,,,missing,,,,,,,,,,,,No,,existing_csv,way_to_go_11_vocabulary_import.csv,,
before,在……之前,preposition,word,Class 8,Second Semester,U4,p.29,way_to_go_11-59c2a51e85dd,concept-0bd0acf1ebe7,word,before,before,en_zh_choice|zh_en_choice|listening|spelling,,,missing,,,,,,,,,,,,No,,existing_csv,way_to_go_11_vocabulary_import.csv,,
fall asleep → fell → fallen,睡著,verb,irregular_verb,Class 8,Second Semester,U4,p.29,way_to_go_11-91f4f9dbbeb7,concept-3a24a98afada,verb_forms,fall asleep,fall asleep,en_zh_choice|verb_form_choice|verb_form_input|listening,,,missing,fall asleep,fell,fallen,,,,,,,,,No,,existing_csv,way_to_go_11_vocabulary_import.csv,,
win → won → won,贏得（比賽；獎品等）,verb,irregular_verb,Class 8,Second Semester,U4,p.29,way_to_go_11-e44a29e249b0,concept-bfe473a88408,verb_forms,win,win,en_zh_choice|verb_form_choice|verb_form_input|listening,,,missing,win,won,won,,,,,,,,,No,,existing_csv,way_to_go_11_vocabulary_import.csv,,
win the lottery,贏得樂透第一大獎,verb_phrase,phrase,Class 8,Second Semester,U4,p.29,way_to_go_11-9aab08741903,concept-287ca3d9f9be,phrase,win the lottery,win the lottery,en_zh_choice|zh_en_choice|listening|spelling,,,missing,,,,,,,,,,,,No,,existing_csv,way_to_go_11_vocabulary_import.csv,,
break into <place>,闖入（某處）,verb_phrase,phrase,Class 8,Second Semester,U4,p.29,way_to_go_11-cc2af5baae98,concept-aceca86e6ee6,phrase,,break into <place>,en_zh_choice|grammar_cloze,,,missing,,,,,,,,,,,,Yes,包含代號，需補實際例句後才能使用發音與填空題,existing_csv,way_to_go_11_vocabulary_import.csv,,
lottery,樂透,noun,word,Class 8,Second Semester,U4,p.29,way_to_go_11-166128401af2,concept-26fa47d8b2b4,word,lottery,lottery,en_zh_choice|zh_en_choice|listening|spelling,,,missing,,,,,,,,,,,,No,,existing_csv,way_to_go_11_vocabulary_import.csv,,
honeymoon,蜜月,noun,word,Class 8,Second Semester,U4,p.29,way_to_go_11-698571e54181,concept-1ff933da197a,word,honeymoon,honeymoon,en_zh_choice|zh_en_choice|listening|spelling,,,missing,,,,,,,,,,,,No,,existing_csv,way_to_go_11_vocabulary_import.csv,,
the <time> before,前一……,phrase,phrase,Class 9,Second Semester,U4,p.30,way_to_go_11-4e3fe164fa97,concept-4b09a0ef0423,phrase,,the <time> before,en_zh_choice|grammar_cloze,,,missing,,,,,,,,,,,,Yes,包含代號，需補實際例句後才能使用發音與填空題,existing_csv,way_to_go_11_vocabulary_import.csv,,
France,法國,noun,word,Class 9,Second Semester,U4,p.30,way_to_go_11-3f0d45741693,concept-11403162ef85,word,France,France,en_zh_choice|zh_en_choice|listening|spelling,,,missing,,,,,,,,,,,,No,,existing_csv,way_to_go_11_vocabulary_import.csv,,
order,訂購；點（餐）,verb,word,Class 9,Second Semester,U4,p.30,way_to_go_11-d1fbeb208bee,concept-e7548504ad7f,word,order,order,en_zh_choice|zh_en_choice|listening|spelling,,,missing,,,,,,,,,,,,No,,existing_csv,way_to_go_11_vocabulary_import.csv,,
go bowling,去打保齡球,verb_phrase,phrase,Class 9,Second Semester,U4,p.30,way_to_go_11-2597a0e4a68b,concept-e488badadca9,phrase,go bowling,go bowling,en_zh_choice|zh_en_choice|listening|spelling,,,missing,,,,,,,,,,,,No,,existing_csv,way_to_go_11_vocabulary_import.csv,,
go shopping,去逛街購物,verb_phrase,phrase,Class 9,Second Semester,U4,p.30,way_to_go_11-3446d95deb74,concept-c1b67cc342aa,phrase,go shopping,go shopping,en_zh_choice|zh_en_choice|listening|spelling,,,missing,,,,,,,,,,,,No,,existing_csv,way_to_go_11_vocabulary_import.csv,,
go skiing,去滑雪,verb_phrase,phrase,Class 9,Second Semester,U4,p.30,way_to_go_11-23b4b2bd3f44,concept-b4bc152bacca,phrase,go skiing,go skiing,en_zh_choice|zh_en_choice|listening|spelling,,,missing,,,,,,,,,,,,No,,existing_csv,way_to_go_11_vocabulary_import.csv,,
go swimming,去游泳,verb_phrase,phrase,Class 9,Second Semester,U4,p.30,way_to_go_11-325e85bf317c,concept-11e94be42324,phrase,go swimming,go swimming,en_zh_choice|zh_en_choice|listening|spelling,,,missing,,,,,,,,,,,,No,,existing_csv,way_to_go_11_vocabulary_import.csv,,
list,清單,noun,word,Class 10,Second Semester,U4,p.31,way_to_go_11-1d7d04982df2,concept-891f90d1c3fc,word,list,list,en_zh_choice|zh_en_choice|listening|spelling,,,missing,,,,,,,,,,,,No,,existing_csv,way_to_go_11_vocabulary_import.csv,,
drum,鼓（樂器）,noun,word,Class 10,Second Semester,U4,p.31,way_to_go_11-4f08d0213409,concept-ce865bf71ad4,word,drum,drum,en_zh_choice|zh_en_choice|listening|spelling,,,missing,,,,,,,,,,,,No,,existing_csv,way_to_go_11_vocabulary_import.csv,,
item,項目,noun,word,Class 10,Second Semester,U4,p.31,way_to_go_11-ad0499dec36e,concept-9a1d2927a845,word,item,item,en_zh_choice|zh_en_choice|listening|spelling,,,missing,,,,,,,,,,,,No,,existing_csv,way_to_go_11_vocabulary_import.csv,,
clothes,衣服總稱（只用複數形）,noun,word,Class 10,Second Semester,U4,p.31,way_to_go_11-f9742b1951f2,concept-0020fa0203c2,word,clothes,clothes,en_zh_choice|zh_en_choice|listening|spelling,,,missing,,,,,,,,,,,,No,,existing_csv,way_to_go_11_vocabulary_import.csv,,
save,儲蓄,verb,word,Class 10,Second Semester,U4,p.31,way_to_go_11-a59286a9c2c8,concept-da7478d4318a,word,save,save,en_zh_choice|zh_en_choice|listening|spelling,,,missing,,,,,,,,,,,,No,,existing_csv,way_to_go_11_vocabulary_import.csv,,
reach for <Sth>,伸手拿（某物）,verb_phrase,phrase,Class 10,Second Semester,U4,p.31,way_to_go_11-0abbf13d80df,concept-57ae51d46f43,phrase,,reach for <Sth>,en_zh_choice|grammar_cloze,,,missing,,,,,,,,,,,,Yes,包含代號，需補實際例句後才能使用發音與填空題,existing_csv,way_to_go_11_vocabulary_import.csv,,
pick out,精心挑選,verb_phrase,phrase,Class 10,Second Semester,U4,p.31,way_to_go_11-cae8ea512910,concept-b23ffa840bc6,phrase,pick out,pick out,en_zh_choice|zh_en_choice|listening|spelling,,,missing,,,,,,,,,,,,No,,existing_csv,way_to_go_11_vocabulary_import.csv,,
go on a trip,去旅行,verb_phrase,phrase,Class 10,Second Semester,U4,p.31,way_to_go_11-23fd2f4af8cd,concept-250196f56024,phrase,go on a trip,go on a trip,en_zh_choice|zh_en_choice|listening,,,missing,,,,,,,,,,,,No,,existing_csv,way_to_go_11_vocabulary_import.csv,,
colorful,顏色鮮豔的,adjective,word,Class 10,Second Semester,U4,p.31,way_to_go_11-5281ec12d350,concept-7b81559e8781,word,colorful,colorful,en_zh_choice|zh_en_choice|listening|spelling,,,missing,,,,,,,,,,,,No,,existing_csv,way_to_go_11_vocabulary_import.csv,,
almost,幾乎,adverb,word,Class 10,Second Semester,U4,p.31,way_to_go_11-5f4e971ca678,concept-42f251ec8189,word,almost,almost,en_zh_choice|zh_en_choice|listening|spelling,,,missing,,,,,,,,,,,,No,,existing_csv,way_to_go_11_vocabulary_import.csv,,
step by step,一步步,adverb_phrase,phrase,Class 10,Second Semester,U4,p.31,way_to_go_11-55d64e9e1154,concept-73cb45ebd4bd,phrase,step by step,step by step,en_zh_choice|zh_en_choice|listening|spelling,,,missing,,,,,,,,,,,,No,,existing_csv,way_to_go_11_vocabulary_import.csv,,
on <day> / at <time> / in <month/year>,在（某時間）,preposition_phrase,phrase,Class 10,Second Semester,U4,p.31,way_to_go_11-bc2219247cc7,concept-80194bff36a8,phrase,,on <day> / at <time> / in <month/year>,en_zh_choice|grammar_cloze,,,missing,,,,,,,,,,,,Yes,包含代號，需補實際例句後才能使用發音與填空題,existing_csv,way_to_go_11_vocabulary_import.csv,,
pocket,口袋,noun,word,Class 11,Second Semester,U4,p.31,way_to_go_11-c8a15fc3d535,concept-0b9265aa13fe,word,pocket,pocket,en_zh_choice|zh_en_choice|listening|spelling,,,missing,,,,,,,,,,,,No,,existing_csv,way_to_go_11_vocabulary_import.csv,,
cab = taxi,計程車,noun,synonym_expression,Class 11,Second Semester,U4,p.31,way_to_go_11-4ff804aa9667,concept-c6dc44c1d7c3,word_relation,cab,cab|taxi,equivalent_choice|accepted_answer,,,missing,,,,,,equivalent,cab|taxi,,,,,No,,existing_csv,way_to_go_11_vocabulary_import.csv,,
seat,座位,noun,word,Class 11,Second Semester,U4,p.31,way_to_go_11-23c47c8e3e40,concept-ddd77ecb22ed,word,seat,seat,en_zh_choice|zh_en_choice|listening|spelling,,,missing,,,,,,,,,,,,No,,existing_csv,way_to_go_11_vocabulary_import.csv,,
lobby,（公共建築物入口處的）大廳；門廳,noun,word,Class 11,Second Semester,U4,p.31,way_to_go_11-9de0cd28b8cf,concept-43e202444d47,word,lobby,lobby,en_zh_choice|zh_en_choice|listening|spelling,,,missing,,,,,,,,,,,,No,,existing_csv,way_to_go_11_vocabulary_import.csv,,
manager,經理,noun,word,Class 11,Second Semester,U4,p.31,way_to_go_11-b1a6b1ed0dbf,concept-2edfabd078e0,word,manager,manager,en_zh_choice|zh_en_choice|listening|spelling,,,missing,,,,,,,,,,,,No,,existing_csv,way_to_go_11_vocabulary_import.csv,,
step into → stepped → stepped,踏進,verb,word,Class 11,Second Semester,U4,p.32,way_to_go_11-ff8cb67c504b,concept-9a2462888407,word,step into → stepped → stepped,step into → stepped → stepped,en_zh_choice|zh_en_choice|listening|spelling,,,missing,,,,,,,,,,,,No,,existing_csv,way_to_go_11_vocabulary_import.csv,,
drop → dropped → dropped,掉下；落下,verb,word,Class 11,Second Semester,U4,p.32,way_to_go_11-f957e25c7c1c,concept-a3ca43523922,word,drop → dropped → dropped,drop → dropped → dropped,en_zh_choice|zh_en_choice|listening|spelling,,,missing,,,,,,,,,,,,No,,existing_csv,way_to_go_11_vocabulary_import.csv,,
accidentally,意外地,adverb,word,Class 11,Second Semester,U4,p.32,way_to_go_11-f6764aa1f881,concept-73930f002629,word,accidentally,accidentally,en_zh_choice|zh_en_choice|listening|spelling,,,missing,,,,,,,,,,,,No,,existing_csv,way_to_go_11_vocabulary_import.csv,,
perhaps = maybe,或許,adverb,synonym_expression,Class 11,Second Semester,U4,p.32,way_to_go_11-cab6a2267fc0,concept-bd76a08732f7,word_relation,perhaps,perhaps|maybe,equivalent_choice|accepted_answer,,,missing,,,,,,equivalent,perhaps|maybe,,,,,No,,existing_csv,way_to_go_11_vocabulary_import.csv,,
at least,至少,adverb_phrase,phrase,Class 11,Second Semester,U4,p.32,way_to_go_11-0ea3a2259748,concept-10d78e926d1a,phrase,at least,at least,en_zh_choice|zh_en_choice|listening|spelling,,,missing,,,,,,,,,,,,No,,existing_csv,way_to_go_11_vocabulary_import.csv,,
fridge,冰箱,noun,word,Class 12,Second Semester,U4,p.33,way_to_go_11-ff40094ff6df,concept-4d34f7f7d6d8,word,fridge,fridge,en_zh_choice|zh_en_choice|listening|spelling,,,missing,,,,,,,,,,,,No,,existing_csv,way_to_go_11_vocabulary_import.csv,,
purse,小型女用皮包,noun,word,Class 12,Second Semester,U4,p.33,way_to_go_11-411129872b00,concept-4a2456580e34,word,purse,purse,en_zh_choice|zh_en_choice|listening|spelling,,,missing,,,,,,,,,,,,No,,existing_csv,way_to_go_11_vocabulary_import.csv,,
confused,感到困惑的,adjective,word,Class 12,Second Semester,U4,p.33,way_to_go_11-d24476f2d14c,concept-c8c4defffae8,word,confused,confused,en_zh_choice|zh_en_choice|listening|spelling,,,missing,,,,,,,,,,,,No,,existing_csv,way_to_go_11_vocabulary_import.csv,,
glad,開心的,adjective,word,Class 12,Second Semester,U4,p.33,way_to_go_11-d95c3014bd61,concept-0f8ddd1003bd,word,glad,glad,en_zh_choice|zh_en_choice|listening|spelling,,,missing,,,,,,,,,,,,No,,existing_csv,way_to_go_11_vocabulary_import.csv,,
suddenly,突然之間,adverb,word,Class 12,Second Semester,U4,p.33,way_to_go_11-60142444b1d7,concept-a023e7f843d5,word,suddenly,suddenly,en_zh_choice|zh_en_choice|listening|spelling,,,missing,,,,,,,,,,,,No,,existing_csv,way_to_go_11_vocabulary_import.csv,,
on top of...,在……頂部；在……上面,preposition_phrase,phrase,Class 12,Second Semester,U4,p.33,way_to_go_11-327bbb13eccd,concept-091328233e91,phrase,on top of...,on top of...,en_zh_choice|zh_en_choice|listening,on top of...,在……頂部；在……上面,source_phrase,,,,,,,,,,,,No,,existing_csv,way_to_go_11_vocabulary_import.csv,,
buffet,自助餐,noun,word,Class 13,Second Semester,U5,p.34,way_to_go_11-d66b52456465,concept-b6d551f0e878,word,buffet,buffet,en_zh_choice|zh_en_choice|listening|spelling,,,missing,,,,,,,,,,,,No,,existing_csv,way_to_go_11_vocabulary_import.csv,,
beginning,開場；開端,noun,word,Class 13,Second Semester,U5,p.34,way_to_go_11-a67c61e8c74c,concept-898a6aa37227,word,beginning,beginning,en_zh_choice|zh_en_choice|listening|spelling,,,missing,,,,,,,,,,,,No,,existing_csv,way_to_go_11_vocabulary_import.csv,,
festival,節慶,noun,word,Class 13,Second Semester,U5,p.34,way_to_go_11-ed924c0d79c4,concept-79dc82ad3973,word,festival,festival,en_zh_choice|zh_en_choice|listening|spelling,,,missing,,,,,,,,,,,,No,,existing_csv,way_to_go_11_vocabulary_import.csv,,
band,樂團,noun,word,Class 13,Second Semester,U5,p.34,way_to_go_11-a19c0fce5469,concept-d90393cdea5a,word,band,band,en_zh_choice|zh_en_choice|listening|spelling,,,missing,,,,,,,,,,,,No,,existing_csv,way_to_go_11_vocabulary_import.csv,,
patient,有耐心的,adjective,word,Class 13,Second Semester,U5,p.34,way_to_go_11-f75db08a5eff,concept-98261ab9c981,word,patient,patient,en_zh_choice|zh_en_choice|listening|spelling,,,missing,,,,,,,,,,,,No,,existing_csv,way_to_go_11_vocabulary_import.csv,,
take <Sb> home,帶某人回家,verb_phrase,phrase,Class 14,Second Semester,U5,p.35,way_to_go_11-f11c63658b0b,concept-fc8a09243e4e,phrase,,take <Sb> home,en_zh_choice|grammar_cloze,,,missing,,,,,,,,,,,,Yes,包含代號，需補實際例句後才能使用發音與填空題,existing_csv,way_to_go_11_vocabulary_import.csv,,
pick up <Sb>,順道接某人,verb_phrase,phrase,Class 14,Second Semester,U5,p.35,way_to_go_11-ceb1379f1c55,concept-a68b2da26232,phrase,,pick up <Sb>,en_zh_choice|grammar_cloze,,,missing,,,,,,,,,,,,Yes,包含代號，需補實際例句後才能使用發音與填空題,existing_csv,way_to_go_11_vocabulary_import.csv,,
realize → realized → realized,了解（某事）,verb,word,Class 14,Second Semester,U5,p.35,way_to_go_11-dce341772f3a,concept-5f706d2b44cc,word,realize → realized → realized,realize → realized → realized,en_zh_choice|zh_en_choice|listening|spelling,,,missing,,,,,,,,,,,,No,,existing_csv,way_to_go_11_vocabulary_import.csv,,
reservation,預訂；預約,noun,word,Class 14,Second Semester,U5,p.35,way_to_go_11-8f9b80533da2,concept-8ffd04aad8ee,word,reservation,reservation,en_zh_choice|zh_en_choice|listening|spelling,,,missing,,,,,,,,,,,,No,,existing_csv,way_to_go_11_vocabulary_import.csv,,
long face,不悅的臉色；悶悶不樂的臉色,noun_phrase,phrase,Class 14,Second Semester,U5,p.35,way_to_go_11-e1dd83528d13,concept-d89ffb750658,phrase,long face,long face,en_zh_choice|zh_en_choice|listening|spelling,,,missing,,,,,,,,,,,,No,,existing_csv,way_to_go_11_vocabulary_import.csv,,
restaurant,餐廳,noun,word,Class 14,Second Semester,U5,p.35,way_to_go_11-868d49f8540c,concept-b941e526b142,word,restaurant,restaurant,en_zh_choice|zh_en_choice|listening|spelling,,,missing,,,,,,,,,,,,No,,existing_csv,way_to_go_11_vocabulary_import.csv,,
gas,汽油,noun,word,Class 14,Second Semester,U5,p.35,way_to_go_11-90387c606436,concept-2e80e55f1e6e,word,gas,gas,en_zh_choice|zh_en_choice|listening|spelling,,,missing,,,,,,,,,,,,No,,existing_csv,way_to_go_11_vocabulary_import.csv,,
retire → retired → retired,退休,verb,word,Class 15,Second Semester,U5,p.36,way_to_go_11-e4d5956c23dc,concept-3292d675f474,word,retire → retired → retired,retire → retired → retired,en_zh_choice|zh_en_choice|listening|spelling,,,missing,,,,,,,,,,,,No,,existing_csv,way_to_go_11_vocabulary_import.csv,,
grow → grew → grown,留髮（頭髮）,verb,irregular_verb,Class 15,Second Semester,U5,p.36,way_to_go_11-e8d0ac0176ac,concept-59c2c56e63bf,verb_forms,grow,grow,en_zh_choice|verb_form_choice|verb_form_input|listening,,,missing,grow,grew,grown,,,,,,,,,No,,existing_csv,way_to_go_11_vocabulary_import.csv,,
decade,十年,noun,word,Class 15,Second Semester,U5,p.36,way_to_go_11-85bac12d68b3,concept-ed678e51c133,word,decade,decade,en_zh_choice|zh_en_choice|listening|spelling,,,missing,,,,,,,,,,,,No,,existing_csv,way_to_go_11_vocabulary_import.csv,,
each other,彼此；互相,pronoun_phrase,phrase,Class 15,Second Semester,U5,p.36,way_to_go_11-17d2da5556ed,concept-1f9cc6254b2e,phrase,each other,each other,en_zh_choice|zh_en_choice|listening|spelling,,,missing,,,,,,,,,,,,No,,existing_csv,way_to_go_11_vocabulary_import.csv,,
suffer,受苦,verb,word,Class 16,Second Semester,U5,p.37,way_to_go_11-9c11d401fa27,concept-4f2752636b20,word,suffer,suffer,en_zh_choice|zh_en_choice|listening|spelling,,,missing,,,,,,,,,,,,No,,existing_csv,way_to_go_11_vocabulary_import.csv,,
hide → hid → hidden,躲藏,verb,irregular_verb,Class 16,Second Semester,U5,p.37,way_to_go_11-b4ade154a72f,concept-967943dd3970,verb_forms,hide,hide,en_zh_choice|verb_form_choice|verb_form_input|listening,,,missing,hide,hid,hidden,,,,,,,,,No,,existing_csv,way_to_go_11_vocabulary_import.csv,,
thief → thieves,小偷,noun,spelling_confusion,Class 16,Second Semester,U5,p.37,way_to_go_11-11879021a4c7,concept-427230325124,spelling_change,thief,thief|thieves,form_change_choice|form_change_input|listening,The police caught two thieves.,警察抓到了兩名小偷。,curated,,,,,,,,thief,thieves,,,No,,existing_csv,way_to_go_11_vocabulary_import.csv,,
policeman → policemen,警察,noun,spelling_confusion,Class 16,Second Semester,U5,p.37,way_to_go_11-3716b7149fae,concept-f8c465509d05,spelling_change,policeman,policeman|policemen,form_change_choice|form_change_input|listening,,,missing,,,,,,,,policeman,policemen,,,No,,existing_csv,way_to_go_11_vocabulary_import.csv,,
ambulance,救護車,noun,word,Class 16,Second Semester,U5,p.37,way_to_go_11-5a9fdcf876bf,concept-871b7e6b43e8,word,ambulance,ambulance,en_zh_choice|zh_en_choice|listening|spelling,,,missing,,,,,,,,,,,,No,,existing_csv,way_to_go_11_vocabulary_import.csv,,
ballet,芭蕾舞,noun,word,Class 16,Second Semester,U5,p.37,way_to_go_11-987475f0b97e,concept-bdb840ec470f,word,ballet,ballet,en_zh_choice|zh_en_choice|listening|spelling,,,missing,,,,,,,,,,,,No,,existing_csv,way_to_go_11_vocabulary_import.csv,,
right away,立刻；馬上,adverb_phrase,phrase,Class 16,Second Semester,U5,p.37,way_to_go_11-e4bb9b301ee4,concept-b63677bd1b0c,phrase,right away,right away,en_zh_choice|zh_en_choice|listening|spelling,,,missing,,,,,,,,,,,,No,,existing_csv,way_to_go_11_vocabulary_import.csv,,
quit → quit → quit <Ving>,戒掉（後面加 V-ing）；放棄,verb,irregular_verb,Class 16,Second Semester,U5,p.37,way_to_go_11-d1a0c66ba6ac,concept-fcecc81d0e71,verb_forms,quit,quit,en_zh_choice|verb_form_choice|verb_form_input|listening,,,missing,quit,quit,quit,,,,,,,,,No,,existing_csv,way_to_go_11_vocabulary_import.csv,,
gamble,賭博,verb,word,Class 17,Second Semester,U5,p.38,way_to_go_11-e84b28d094ec,concept-a0ad53038245,word,gamble,gamble,en_zh_choice|zh_en_choice|listening|spelling,,,missing,,,,,,,,,,,,No,,existing_csv,way_to_go_11_vocabulary_import.csv,,
bite → bit → bitten,咬；叮；螫,verb,irregular_verb,Class 17,Second Semester,U5,p.38,way_to_go_11-35706cd09eb4,concept-da6056c3b68c,verb_forms,bite,bite,en_zh_choice|verb_form_choice|verb_form_input|listening,,,missing,bite,bit,bitten,,,,,,,,,No,,existing_csv,way_to_go_11_vocabulary_import.csv,,
smoke,抽菸,verb,word,Class 17,Second Semester,U5,p.38,way_to_go_11-d5f2186b524d,concept-03203e9bfca1,word,smoke,smoke,en_zh_choice|zh_en_choice|listening|spelling,,,missing,,,,,,,,,,,,No,,existing_csv,way_to_go_11_vocabulary_import.csv,,
stop <Ving> to <Vr>,停止第一個動作，而去做第二個動作,grammar_form,grammar_form,Class 17,Second Semester,U5,p.38,way_to_go_11-3116248824d5,concept-aadd4ffc786a,grammar_pattern,,,grammar_choice|grammar_cloze,She stopped watching TV to do her homework.,她停止看電視，去寫作業。,draft,,,,,,,,,,She stopped ________ to do her homework.,watching TV,Yes,文法模板需以實際例句設定填空題答案；例句與填空為自動補強草稿，請依教材頁面確認後再啟用測驗,existing_csv,way_to_go_11_vocabulary_import.csv,,
stop <Ving>,停止正在做的動作,grammar_form,grammar_form,Class 17,Second Semester,U5,p.38,way_to_go_11-8130104b3052,concept-4e5123e71251,grammar_pattern,,,grammar_choice|grammar_cloze,He stopped playing games.,他停止玩遊戲。,draft,,,,,,,,,,He stopped ________.,playing games,Yes,文法模板需以實際例句設定填空題答案；例句與填空為自動補強草稿，請依教材頁面確認後再啟用測驗,existing_csv,way_to_go_11_vocabulary_import.csv,,
fingernail,手指甲,noun,word,Class 17,Second Semester,U5,p.38,way_to_go_11-3f1fdf4b2a6c,concept-8ca2f6b17692,word,fingernail,fingernail,en_zh_choice|zh_en_choice|listening|spelling,,,missing,,,,,,,,,,,,No,,existing_csv,way_to_go_11_vocabulary_import.csv,,
director,導演,noun,word,Class 18,Second Semester,U5,p.39,way_to_go_11-ba3529fb70d2,concept-2b7c4f9877aa,word,director,director,en_zh_choice|zh_en_choice|listening|spelling,,,missing,,,,,,,,,,,,No,,existing_csv,way_to_go_11_vocabulary_import.csv,,
school play,學校戲劇表演,noun,phrase,Class 18,Second Semester,U5,p.39,way_to_go_11-7fc622dff8e0,concept-a05aab75585c,phrase,school play,school play,en_zh_choice|zh_en_choice|listening|spelling,,,missing,,,,,,,,,,,,No,,existing_csv,way_to_go_11_vocabulary_import.csv,,
costume,戲服,noun,word,Class 18,Second Semester,U5,p.39,way_to_go_11-d740dafe7374,concept-876f6437fa39,word,costume,costume,en_zh_choice|zh_en_choice|listening|spelling,,,missing,,,,,,,,,,,,No,,existing_csv,way_to_go_11_vocabulary_import.csv,,
the star of the show,主角,noun_phrase,phrase,Class 18,Second Semester,U5,p.39,way_to_go_11-a8c6d8bd92e1,concept-e414fdf030cb,phrase,the star of the show,the star of the show,en_zh_choice|zh_en_choice|listening,,,missing,,,,,,,,,,,,No,,existing_csv,way_to_go_11_vocabulary_import.csv,,
stage curtain,舞台上的幕簾（只能用單數）,noun,phrase,Class 18,Second Semester,U5,p.39,way_to_go_11-4ca4b9325882,concept-3a3b82347954,phrase,stage curtain,stage curtain,en_zh_choice|zh_en_choice|listening|spelling,,,missing,,,,,,,,,,,,No,,existing_csv,way_to_go_11_vocabulary_import.csv,,
scenery,舞台佈景,noun,word,Class 18,Second Semester,U5,p.39,way_to_go_11-33424475e9c3,concept-de9e64e167e4,word,scenery,scenery,en_zh_choice|zh_en_choice|listening|spelling,,,missing,,,,,,,,,,,,No,,existing_csv,way_to_go_11_vocabulary_import.csv,,
opening night,首場演出,noun_phrase,phrase,Class 18,Second Semester,U5,p.39,way_to_go_11-fce299787a05,concept-562f6e1f608c,phrase,opening night,opening night,en_zh_choice|zh_en_choice|listening|spelling,,,missing,,,,,,,,,,,,No,,existing_csv,way_to_go_11_vocabulary_import.csv,,
audience,觀眾（可當複數，不加 S）,noun,word,Class 18,Second Semester,U5,p.39,way_to_go_11-f5d40657f7df,concept-9c95f0af5de6,word,audience,audience,en_zh_choice|zh_en_choice|listening|spelling,,,missing,,,,,,,,,,,,No,,existing_csv,way_to_go_11_vocabulary_import.csv,,
make sure,確定,verb_phrase,phrase,Class 18,Second Semester,U5,p.39,way_to_go_11-a35e035ba055,concept-c42148b48072,phrase,make sure,make sure,en_zh_choice|zh_en_choice|listening|spelling,,,missing,,,,,,,,,,,,No,,existing_csv,way_to_go_11_vocabulary_import.csv,,
prepare,準備,verb,word,Class 18,Second Semester,U5,p.39,way_to_go_11-47837e88e9f3,concept-3806d692b4bb,word,prepare,prepare,en_zh_choice|zh_en_choice|listening|spelling,,,missing,,,,,,,,,,,,No,,existing_csv,way_to_go_11_vocabulary_import.csv,,
sew → sewed → sewn,縫製；縫補,verb,irregular_verb,Class 18,Second Semester,U5,p.39,way_to_go_11-47fafa8a413e,concept-385245c943b7,verb_forms,sew,sew,en_zh_choice|verb_form_choice|verb_form_input|listening,,,missing,sew,sewed,sewn,,,,,,,,,No,,existing_csv,way_to_go_11_vocabulary_import.csv,,
design,設計,verb,word,Class 18,Second Semester,U5,p.39,way_to_go_11-9e709ef7efe5,concept-ac554f73711c,word,design,design,en_zh_choice|zh_en_choice|listening|spelling,,,missing,,,,,,,,,,,,No,,existing_csv,way_to_go_11_vocabulary_import.csv,,
smoothly,順利地；平坦地,adverb,word,Class 18,Second Semester,U5,p.39,way_to_go_11-ef977b506348,concept-e51dc3068a8a,word,smoothly,smoothly,en_zh_choice|zh_en_choice|listening|spelling,,,missing,,,,,,,,,,,,No,,existing_csv,way_to_go_11_vocabulary_import.csv,,
until then,直到那時,adverb_phrase,phrase,Class 18,Second Semester,U5,p.39,way_to_go_11-077da3e9ead4,concept-9aeba71f3c48,phrase,until then,until then,en_zh_choice|zh_en_choice|listening|spelling,,,missing,,,,,,,,,,,,No,,existing_csv,way_to_go_11_vocabulary_import.csv,,
through,穿過；透過,preposition,word,Class 18,Second Semester,U5,p.39,way_to_go_11-1878897106ff,concept-6a7592c62e78,word,through,through,en_zh_choice|zh_en_choice|listening|spelling,,,missing,,,,,,,,,,,,No,,existing_csv,way_to_go_11_vocabulary_import.csv,,
makeup,化妝,noun,word,Class 19,Second Semester,U5,p.39,way_to_go_11-f1f6a97731f9,concept-e75bdc7bf261,word,makeup,makeup,en_zh_choice|zh_en_choice|listening|spelling,,,missing,,,,,,,,,,,,No,,existing_csv,way_to_go_11_vocabulary_import.csv,,
character,角色,noun,word,Class 19,Second Semester,U5,p.39,way_to_go_11-c7506974d60e,concept-013e6bf5b54b,word,character,character,en_zh_choice|zh_en_choice|listening|spelling,,,missing,,,,,,,,,,,,No,,existing_csv,way_to_go_11_vocabulary_import.csv,,
actor,演員,noun,word,Class 19,Second Semester,U5,p.39,way_to_go_11-b709f15d99ee,concept-71f0f3c6ac45,word,actor,actor,en_zh_choice|zh_en_choice|listening|spelling,,,missing,,,,,,,,,,,,No,,existing_csv,way_to_go_11_vocabulary_import.csv,,
actress,女演員,noun,word,Class 19,Second Semester,U5,p.39,way_to_go_11-14fcd342d046,concept-ffc173e357d2,word,actress,actress,en_zh_choice|zh_en_choice|listening|spelling,,,missing,,,,,,,,,,,,No,,existing_csv,way_to_go_11_vocabulary_import.csv,,
distance,距離,noun,word,Class 19,Second Semester,U5,p.39,way_to_go_11-3269e84deaa2,concept-af42785553ab,word,distance,distance,en_zh_choice|zh_en_choice|listening|spelling,,,missing,,,,,,,,,,,,No,,existing_csv,way_to_go_11_vocabulary_import.csv,,
flat tire,洩了氣的輪胎,noun_phrase,phrase,Class 19,Second Semester,U5,p.39,way_to_go_11-bbae03c03b6b,concept-6c41dca68383,phrase,flat tire,flat tire,en_zh_choice|zh_en_choice|listening|spelling,,,missing,,,,,,,,,,,,No,,existing_csv,way_to_go_11_vocabulary_import.csv,,
get a flat tire,（車子）爆胎,verb_phrase,phrase,Class 19,Second Semester,U5,p.39,way_to_go_11-eb43531240f0,concept-06dd48d0ef76,phrase,get a flat tire,get a flat tire,en_zh_choice|zh_en_choice|listening,,,missing,,,,,,,,,,,,No,,existing_csv,way_to_go_11_vocabulary_import.csv,,
choose → chose → chosen,選擇,verb,irregular_verb,Class 19,Second Semester,U5,p.39,way_to_go_11-8be121612b92,concept-032c9ab04d78,verb_forms,choose,choose,en_zh_choice|verb_form_choice|verb_form_input|listening,,,missing,choose,chose,chosen,,,,,,,,,No,,existing_csv,way_to_go_11_vocabulary_import.csv,,
Put on your makeup!,化好妝！（不造句）,imperative,phrase,Class 19,Second Semester,U5,p.39,way_to_go_11-7b91825eebb9,concept-625459504733,phrase,Put on your makeup!,Put on your makeup!,en_zh_choice|zh_en_choice|listening,Put on your makeup!,化好妝！（不造句）,source_phrase,,,,,,,,,,,,No,,existing_csv,way_to_go_11_vocabulary_import.csv,,
on the way to <place>,去……的路上,preposition_phrase,phrase,Class 19,Second Semester,U5,p.39,way_to_go_11-61de783a4e1e,concept-20d7aa7f33c5,phrase,,on the way to <place>,en_zh_choice|grammar_cloze,,,missing,,,,,,,,,,,,Yes,包含代號，需補實際例句後才能使用發音與填空題,existing_csv,way_to_go_11_vocabulary_import.csv,,
some day,將來總有一天,adverb_phrase,phrase,Class 19,Second Semester,U5,p.39,way_to_go_11-ffa9148fb10d,concept-3e0b7b055e55,phrase,some day,some day,en_zh_choice|zh_en_choice|listening|spelling,,,missing,,,,,,,,,,,,No,,existing_csv,way_to_go_11_vocabulary_import.csv,,
present,呈現,verb,word,Class 20,Second Semester,U5,p.40,way_to_go_11-e1cf34b6073c,concept-dd04889e42ae,word,present,present,en_zh_choice|zh_en_choice|listening|spelling,,,missing,,,,,,,,,,,,No,,existing_csv,way_to_go_11_vocabulary_import.csv,,
step out,踏出,verb_phrase,phrase,Class 20,Second Semester,U5,p.40,way_to_go_11-34b13bfb1ef8,concept-2de773be66f1,phrase,step out,step out,en_zh_choice|zh_en_choice|listening|spelling,,,missing,,,,,,,,,,,,No,,existing_csv,way_to_go_11_vocabulary_import.csv,,
play,扮演,verb,word,Class 20,Second Semester,U5,p.40,way_to_go_11-3d4a427fd59a,concept-d11559a1d2d7,word,play,play,en_zh_choice|zh_en_choice|listening|spelling,,,missing,,,,,,,,,,,,No,,existing_csv,way_to_go_11_vocabulary_import.csv,,
gentleman → gentlemen,紳士,noun,spelling_confusion,Class 20,Second Semester,U5,p.40,way_to_go_11-9bb10059eb71,concept-45f67359dd6f,spelling_change,gentleman,gentleman|gentlemen,form_change_choice|form_change_input|listening,,,missing,,,,,,,,gentleman,gentlemen,,,No,,existing_csv,way_to_go_11_vocabulary_import.csv,,
lady → ladies,淑女,noun,spelling_confusion,Class 20,Second Semester,U5,p.40,way_to_go_11-e4dc1ea610f0,concept-3e97c8ceb34a,spelling_change,lady,lady|ladies,form_change_choice|form_change_input|listening,,,missing,,,,,,,,lady,ladies,,,No,,existing_csv,way_to_go_11_vocabulary_import.csv,,
nervously,緊張地,adverb,word,Class 20,Second Semester,U5,p.40,way_to_go_11-8d5af3c912b1,concept-4965e092a204,word,nervously,nervously,en_zh_choice|zh_en_choice|listening|spelling,,,missing,,,,,,,,,,,,No,,existing_csv,way_to_go_11_vocabulary_import.csv,,
guilty,內疚的,adjective,word,Class 21,Second Semester,U5,p.41,way_to_go_11-ca9d8dd7f99a,concept-fcd65f803d88,word,guilty,guilty,en_zh_choice|zh_en_choice|listening|spelling,,,missing,,,,,,,,,,,,No,,existing_csv,way_to_go_11_vocabulary_import.csv,,
suit,西裝,noun,word,Class 21,Second Semester,U5,p.41,way_to_go_11-90bfcb681394,concept-5d4399f293ff,word,suit,suit,en_zh_choice|zh_en_choice|listening|spelling,,,missing,,,,,,,,,,,,No,,existing_csv,way_to_go_11_vocabulary_import.csv,,
plan (to <Vr>) → planned → planned,計畫（做……）,verb,word,Class 21,Second Semester,U5,p.41,way_to_go_11-3f6ecdbf0b8d,concept-8d456368f82e,word,plan (to <Vr>) → planned → planned,plan (to <Vr>) → planned → planned,en_zh_choice|zh_en_choice|listening|spelling,,,missing,,,,,,,,,,,,No,,existing_csv,way_to_go_11_vocabulary_import.csv,,
wait for,等候,verb_phrase,phrase,Class 21,Second Semester,U5,p.41,way_to_go_11-820fdb0545bc,concept-d2cd363de7b0,phrase,wait for,wait for,en_zh_choice|zh_en_choice|listening|spelling,,,missing,,,,,,,,,,,,No,,existing_csv,way_to_go_11_vocabulary_import.csv,,
in front of,在前面,preposition_phrase,phrase,Class 21,Second Semester,U5,p.41,way_to_go_11-27939b97b11a,concept-db6da10e7a6b,phrase,in front of,in front of,en_zh_choice|zh_en_choice|listening|spelling,,,missing,,,,,,,,,,,,No,,existing_csv,way_to_go_11_vocabulary_import.csv,,
believe → believed → believed,相信,verb,irregular_verb,Class 1,First Semester,U1,p.2,way_to_go_11-47797b1a9776,concept-04be83e70b4b,verb_forms,believe,believe,en_zh_choice|verb_form_choice|verb_form_input|listening,,,missing,believe,believed,believed,,,,,,,,,No,,existing_csv,way_to_go_11_vocabulary_import.csv,,
do a crossword,做填字遊戲,verb_phrase,phrase,Class 1,First Semester,U1,p.2,way_to_go_11-407f1fb0610c,concept-4ceaea139fca,phrase,do a crossword,do a crossword,en_zh_choice|zh_en_choice|listening|spelling,,,missing,,,,,,,,,,,,No,,existing_csv,way_to_go_11_vocabulary_import.csv,,
do a puzzle,玩拼圖,verb_phrase,phrase,Class 1,First Semester,U1,p.2,way_to_go_11-a163d910d6dd,concept-b33e5b447183,phrase,do a puzzle,do a puzzle,en_zh_choice|zh_en_choice|listening|spelling,,,missing,,,,,,,,,,,,No,,existing_csv,way_to_go_11_vocabulary_import.csv,,
turn on,打開（電源）,verb_phrase,phrase,Class 1,First Semester,U1,p.2,way_to_go_11-5605eb866643,concept-eacc60154e55,phrase,turn on,turn on,en_zh_choice|zh_en_choice|listening|spelling,,,missing,,,,,,,,,,,,No,,existing_csv,way_to_go_11_vocabulary_import.csv,,
turn off,關掉（電源）,verb_phrase,phrase,Class 1,First Semester,U1,p.2,way_to_go_11-518869659e24,concept-ab865cc1190b,phrase,turn off,turn off,en_zh_choice|zh_en_choice|listening|spelling,,,missing,,,,,,,,,,,,No,,existing_csv,way_to_go_11_vocabulary_import.csv,,
surf the Net,瀏覽網路,verb_phrase,phrase,Class 1,First Semester,U1,p.2,way_to_go_11-ac28f81ea3fd,concept-f38dab1752b3,phrase,surf the Net,surf the Net,en_zh_choice|zh_en_choice|listening|spelling,,,missing,,,,,,,,,,,,No,,existing_csv,way_to_go_11_vocabulary_import.csv,,
put on a CD,放 CD,verb_phrase,phrase,Class 1,First Semester,U1,p.2,way_to_go_11-a24adb09f026,concept-7540f22318f6,phrase,put on a CD,put on a CD,en_zh_choice|zh_en_choice|listening,,,missing,,,,,,,,,,,,No,,existing_csv,way_to_go_11_vocabulary_import.csv,,
stuck,卡住的,adjective,word,Class 1,First Semester,U1,p.2,way_to_go_11-6d2f2e8571e3,concept-93ae935a1205,word,stuck,stuck,en_zh_choice|zh_en_choice|listening|spelling,,,missing,,,,,,,,,,,,No,,existing_csv,way_to_go_11_vocabulary_import.csv,,
least ↔ most,最少的；最小的 ↔ 最多的,adjective,synonym_expression,Class 1,First Semester,U1,p.2,way_to_go_11-fbc111bd20d5,concept-5157d47edb60,word_relation,least,least|most,antonym_choice|relation_input,"Amy has the most books, and Ben has the least.",Amy 的書最多，Ben 的書最少。,curated,,,,,,antonym,least|most,,,,,No,反義關係已確認，保留為同一教材列。,existing_csv,way_to_go_11_vocabulary_import.csv,,
instead,以……來代替,adverb,word,Class 1,First Semester,U1,p.2,way_to_go_11-bb42f57a86aa,concept-909e1eb8fe2a,word,instead,instead,en_zh_choice|zh_en_choice|listening|spelling,,,missing,,,,,,,,,,,,No,,existing_csv,way_to_go_11_vocabulary_import.csv,,
whatever,隨便啦,pronoun,word,Class 1,First Semester,U1,p.2,way_to_go_11-c35fc5129435,concept-7a214d8b3bbf,word,whatever,whatever,en_zh_choice|zh_en_choice|listening|spelling,,,missing,,,,,,,,,,,,No,,existing_csv,way_to_go_11_vocabulary_import.csv,,
inside,在裡面,adverb,word,Class 1,First Semester,U1,p.2,way_to_go_11-bf642da28d73,concept-91adac1fa9ec,word,inside,inside,en_zh_choice|zh_en_choice|listening|spelling,,,missing,,,,,,,,,,,,No,,existing_csv,way_to_go_11_vocabulary_import.csv,,
allowed,被允許的,adjective,word,Class 2,First Semester,U1,p.3,way_to_go_11-a5a5c9f3909c,concept-6505724f638c,word,allowed,allowed,en_zh_choice|zh_en_choice|listening|spelling,,,missing,,,,,,,,,,,,No,,existing_csv,way_to_go_11_vocabulary_import.csv,,
handicapped,殘障的,adjective,word,Class 2,First Semester,U1,p.3,way_to_go_11-c58551a0a1d1,concept-811f05fc3133,word,handicapped,handicapped,en_zh_choice|zh_en_choice|listening|spelling,,,missing,,,,,,,,,,,,No,,existing_csv,way_to_go_11_vocabulary_import.csv,,
private,私人的,adjective,word,Class 2,First Semester,U1,p.3,way_to_go_11-46587db5304b,concept-7e37762b7c9b,word,private,private,en_zh_choice|zh_en_choice|listening|spelling,,,missing,,,,,,,,,,,,No,,existing_csv,way_to_go_11_vocabulary_import.csv,,
dangerous,危險的,adjective,word,Class 2,First Semester,U1,p.3,way_to_go_11-ea849afaeb94,concept-f7f7d2832fd4,word,dangerous,dangerous,en_zh_choice|zh_en_choice|listening|spelling,,,missing,,,,,,,,,,,,No,,existing_csv,way_to_go_11_vocabulary_import.csv,,
park,停車,verb,word,Class 2,First Semester,U1,p.3,way_to_go_11-03ce26768687,concept-3592647a0ba1,word,park,park,en_zh_choice|zh_en_choice|listening|spelling,,,missing,,,,,,,,,,,,No,,existing_csv,way_to_go_11_vocabulary_import.csv,,
get into trouble,惹上麻煩,verb_phrase,phrase,Class 2,First Semester,U1,p.3,way_to_go_11-88ae9a459d4e,concept-fdbc7aa1f0f3,phrase,get into trouble,get into trouble,en_zh_choice|zh_en_choice|listening|spelling,,,missing,,,,,,,,,,,,No,,existing_csv,way_to_go_11_vocabulary_import.csv,,
might <Vr>,可能（可能性很小）,modal,grammar_form,Class 2,First Semester,U1,p.3,way_to_go_11-5548bcc07d0a,concept-885ba78f3350,grammar_pattern,,,grammar_choice|grammar_cloze,It might rain tonight.,今晚可能會下雨。,draft,,,,,,,,,,It ________ rain tonight.,might,Yes,文法模板需以實際例句設定填空題答案；例句與填空為自動補強草稿，請依教材頁面確認後再啟用測驗,existing_csv,way_to_go_11_vocabulary_import.csv,,
sign,標誌,noun,word,Class 2,First Semester,U1,p.3,way_to_go_11-52b634f9919b,concept-eacf025477dc,word,sign,sign,en_zh_choice|zh_en_choice|listening|spelling,,,missing,,,,,,,,,,,,No,,existing_csv,way_to_go_11_vocabulary_import.csv,,
space,空地；空間,noun,word,Class 2,First Semester,U1,p.3,way_to_go_11-1afb606f4269,concept-6c077227894d,word,space,space,en_zh_choice|zh_en_choice|listening|spelling,,,missing,,,,,,,,,,,,No,,existing_csv,way_to_go_11_vocabulary_import.csv,,
worry,令人擔憂的事,noun,word,Class 2,First Semester,U1,p.3,way_to_go_11-2d43626bbeab,concept-cc219f15e4ca,word,worry,worry,en_zh_choice|zh_en_choice|listening|spelling,,,missing,,,,,,,,,,,,No,,existing_csv,way_to_go_11_vocabulary_import.csv,,
property,財產,noun,word,Class 2,First Semester,U1,p.3,way_to_go_11-a08589b97052,concept-b4909dfd8fb1,word,property,property,en_zh_choice|zh_en_choice|listening|spelling,,,missing,,,,,,,,,,,,No,,existing_csv,way_to_go_11_vocabulary_import.csv,,
No worries. = You are welcome.,不客氣。,phrase,synonym_expression,Class 2,First Semester,U1,p.3,way_to_go_11-4b8d8b69816c,concept-9232c0250941,word_relation,No worries.,No worries.|You are welcome.,equivalent_choice|accepted_answer,No worries. = You are welcome.,不客氣。,source_phrase,,,,,,equivalent,No worries.|You are welcome.,,,,,No,,existing_csv,way_to_go_11_vocabulary_import.csv,,
should <Vr>,應該去做某事（給建議）,modal,grammar_form,Class 3,First Semester,U1,p.4,way_to_go_11-c6b0739f8c38,concept-0a8c45a16c21,grammar_pattern,,,grammar_choice|grammar_cloze,You should review your words.,你應該複習單字。,draft,,,,,,,,,,You ________ review your words.,should,Yes,文法模板需以實際例句設定填空題答案；例句與填空為自動補強草稿，請依教材頁面確認後再啟用測驗,existing_csv,way_to_go_11_vocabulary_import.csv,,
should not <Vr> = shouldn't <Vr>,不應該做某事（給建議）,modal,grammar_form,Class 3,First Semester,U1,p.4,way_to_go_11-af83e0b289ac,concept-5a592f5de923,grammar_pattern,,,grammar_choice|grammar_cloze,You shouldn't touch that.,你不應該碰那個。,draft,,,,,,,,,,You ________ touch that.,shouldn't,Yes,文法模板需以實際例句設定填空題答案；例句與填空為自動補強草稿，請依教材頁面確認後再啟用測驗,existing_csv,way_to_go_11_vocabulary_import.csv,,
toothache,牙痛,noun,word,Class 3,First Semester,U1,p.4,way_to_go_11-cada56b325e2,concept-3c0839d1f8c1,word,toothache,toothache,en_zh_choice|zh_en_choice|listening|spelling,,,missing,,,,,,,,,,,,No,,existing_csv,way_to_go_11_vocabulary_import.csv,,
broken,壞掉的,adjective,word,Class 3,First Semester,U1,p.4,way_to_go_11-53e1743a2bc4,concept-6e290ece0e8d,word,broken,broken,en_zh_choice|zh_en_choice|listening|spelling,,,missing,,,,,,,,,,,,No,,existing_csv,way_to_go_11_vocabulary_import.csv,,
sweat → sweated → sweated,流汗,verb,word,Class 3,First Semester,U1,p.4,way_to_go_11-7fb4f0eb8a3e,concept-a4de12f2c796,word,sweat → sweated → sweated,sweat → sweated → sweated,en_zh_choice|zh_en_choice|listening|spelling,,,missing,,,,,,,,,,,,No,,existing_csv,way_to_go_11_vocabulary_import.csv,,
take <sth> with <sb>,（某人）帶著（某東西）,verb_phrase,phrase,Class 3,First Semester,U1,p.4,way_to_go_11-9ef891dc47b4,concept-a47d45edde0b,phrase,,take <sth> with <sb>,en_zh_choice|grammar_cloze,,,missing,,,,,,,,,,,,Yes,包含代號，需補實際例句後才能使用發音與填空題,existing_csv,way_to_go_11_vocabulary_import.csv,,
should have <Vpp>,當時應該做，卻沒有做,grammar_form,grammar_form,Class 4,First Semester,U1,p.5,way_to_go_11-1f6d7ae2884d,concept-91066f852d2f,grammar_pattern,,,grammar_choice|grammar_cloze,You should have called me.,你當時應該打電話給我。,draft,,,,,,,,,,You ________ called me.,should have,Yes,文法模板需以實際例句設定填空題答案；中文解釋疑似應為『當時應該做，卻沒有做』；例句與填空為自動補強草稿，請依教材頁面確認後再啟用測驗,existing_csv,way_to_go_11_vocabulary_import.csv,,
shouldn't have <Vpp>,當時不應該做，卻做了……,grammar_form,grammar_form,Class 4,First Semester,U1,p.5,way_to_go_11-ae89f3707faa,concept-c134a9c373f4,grammar_pattern,,,grammar_choice|grammar_cloze,I shouldn't have said that.,我當時不應該那樣說。,draft,,,,,,,,,,I ________ said that.,shouldn't have,Yes,文法模板需以實際例句設定填空題答案；例句與填空為自動補強草稿，請依教材頁面確認後再啟用測驗,existing_csv,way_to_go_11_vocabulary_import.csv,,
hurt → hurt → hurt,使……受傷,verb,irregular_verb,Class 4,First Semester,U1,p.5,way_to_go_11-88925e3f25c2,concept-6534709677f7,verb_forms,hurt,hurt,en_zh_choice|verb_form_choice|verb_form_input|listening,,,missing,hurt,hurt,hurt,,,,,,,,,No,,existing_csv,way_to_go_11_vocabulary_import.csv,,
pass,通過（考試）,verb,word,Class 4,First Semester,U1,p.5,way_to_go_11-84b0d23654b3,concept-86a0acc11acf,word,pass,pass,en_zh_choice|zh_en_choice|listening|spelling,,,missing,,,,,,,,,,,,No,,existing_csv,way_to_go_11_vocabulary_import.csv,,
break down → broke → broken,（機器或車輛）故障,verb_phrase,irregular_verb,Class 4,First Semester,U1,p.5,way_to_go_11-811dde5ca412,concept-ca322603c23d,verb_forms,break down,break down,en_zh_choice|verb_form_choice|verb_form_input|listening,,,missing,break down,broke,broken,,,,,,,,,No,,existing_csv,way_to_go_11_vocabulary_import.csv,,
exam,（入學）考試；測驗,noun,word,Class 4,First Semester,U1,p.5,way_to_go_11-bd40873b36b8,concept-83319692d25e,word,exam,exam,en_zh_choice|zh_en_choice|listening|spelling,,,missing,,,,,,,,,,,,No,,existing_csv,way_to_go_11_vocabulary_import.csv,,
badly,嚴重地,adverb,word,Class 4,First Semester,U1,p.5,way_to_go_11-10caff79e8a4,concept-32f340bfc392,word,badly,badly,en_zh_choice|zh_en_choice|listening|spelling,,,missing,,,,,,,,,,,,No,,existing_csv,way_to_go_11_vocabulary_import.csv,,
matter,事關緊要；有重大影響,verb,word,Class 4,First Semester,U1,p.5,way_to_go_11-f3f60cc30544,concept-f80bb56fe1cc,word,matter,matter,en_zh_choice|zh_en_choice|listening|spelling,,,missing,,,,,,,,,,,,No,,existing_csv,way_to_go_11_vocabulary_import.csv,,
stand → stood → stood,站立,verb,irregular_verb,Class 7,First Semester,U1,p.7,way_to_go_11-a6bc4c0a7e03,concept-3946296b09d0,verb_forms,stand,stand,en_zh_choice|verb_form_choice|verb_form_input|listening,,,missing,stand,stood,stood,,,,,,,,,No,,existing_csv,way_to_go_11_vocabulary_import.csv,,
worry → worried → worried,擔心；發愁,verb,word,Class 7,First Semester,U1,p.7,way_to_go_11-b7556b9c1a60,concept-448f64349433,word,worry → worried → worried,worry → worried → worried,en_zh_choice|zh_en_choice|listening|spelling,,,missing,,,,,,,,,,,,No,,existing_csv,way_to_go_11_vocabulary_import.csv,,
begin → began → begun,開始,verb,irregular_verb,Class 7,First Semester,U1,p.7,way_to_go_11-c893b3e7a84b,concept-55870f2e6477,verb_forms,begin,begin,en_zh_choice|verb_form_choice|verb_form_input|listening,,,missing,begin,began,begun,,,,,,,,,No,,existing_csv,way_to_go_11_vocabulary_import.csv,,
sit up straight → sat → sat,坐正；坐直,verb_phrase,irregular_verb,Class 7,First Semester,U1,p.8,way_to_go_11-9352c6fa59c5,concept-dec4ca7d039a,verb_forms,sit up straight,sit up straight,en_zh_choice|verb_form_choice|verb_form_input|listening,,,missing,sit up straight,sat,sat,,,,,,,,,No,,existing_csv,way_to_go_11_vocabulary_import.csv,,
yell at = shout at,對……大喊大叫,verb_phrase,synonym_expression,Class 7,First Semester,U1,p.8,way_to_go_11-0d51f84e1506,concept-b87ec242ffdf,word_relation,yell at,yell at|shout at,equivalent_choice|accepted_answer,,,missing,,,,,,equivalent,yell at|shout at,,,,,No,,existing_csv,way_to_go_11_vocabulary_import.csv,,
shout to,對……呼喊,verb_phrase,phrase,Class 7,First Semester,U1,p.8,way_to_go_11-e25aafca4962,concept-029713dcaccc,phrase,shout to,shout to,en_zh_choice|zh_en_choice|listening|spelling,,,missing,,,,,,,,,,,,No,,existing_csv,way_to_go_11_vocabulary_import.csv,,
chew,咀嚼,verb,word,Class 7,First Semester,U1,p.8,way_to_go_11-bc757120e818,concept-73d61e6a33c8,word,chew,chew,en_zh_choice|zh_en_choice|listening|spelling,,,missing,,,,,,,,,,,,No,,existing_csv,way_to_go_11_vocabulary_import.csv,,
borrow,借來,verb,word,Class 7,First Semester,U1,p.8,way_to_go_11-21fb55b05b1b,concept-939b3043b7a7,word,borrow,borrow,en_zh_choice|zh_en_choice|listening|spelling,,,missing,,,,,,,,,,,,No,,existing_csv,way_to_go_11_vocabulary_import.csv,,
at once,立刻；馬上,adverb_phrase,phrase,Class 7,First Semester,U1,p.8,way_to_go_11-794cc2407e84,concept-89e68b4fcff3,phrase,at once,at once,en_zh_choice|zh_en_choice|listening|spelling,,,missing,,,,,,,,,,,,No,,existing_csv,way_to_go_11_vocabulary_import.csv,,
embarrassed,感到尷尬的,adjective,word,Class 7,First Semester,U1,p.8,way_to_go_11-a9cfe594423d,concept-640516b6db25,word,embarrassed,embarrassed,en_zh_choice|zh_en_choice|listening|spelling,,,missing,,,,,,,,,,,,No,,existing_csv,way_to_go_11_vocabulary_import.csv,,
gum,口香糖,noun,word,Class 7,First Semester,U1,p.8,way_to_go_11-c3e51acb4640,concept-21da48b01479,word,gum,gum,en_zh_choice|zh_en_choice|listening|spelling,,,missing,,,,,,,,,,,,No,,existing_csv,way_to_go_11_vocabulary_import.csv,,
parking space,停車格,noun_phrase,phrase,Class 8,First Semester,U1,p.9,way_to_go_11-b2da2a8c2a55,concept-79d6129d566c,phrase,parking space,parking space,en_zh_choice|zh_en_choice|listening|spelling,,,missing,,,,,,,,,,,,No,,existing_csv,way_to_go_11_vocabulary_import.csv,,
ticket,罰單,noun,word,Class 8,First Semester,U1,p.9,way_to_go_11-fc351352b529,concept-7405ae8440a7,word,ticket,ticket,en_zh_choice|zh_en_choice|listening|spelling,,,missing,,,,,,,,,,,,No,,existing_csv,way_to_go_11_vocabulary_import.csv,,
break the rule(s),違反規定,verb_phrase,phrase,Class 8,First Semester,U1,p.9,way_to_go_11-acbf315c7317,concept-05ab7ed02e8e,phrase,break the rule(s),break the rule(s),en_zh_choice|zh_en_choice|listening|spelling,,,missing,,,,,,,,,,,,No,,existing_csv,way_to_go_11_vocabulary_import.csv,,
return,返回,verb,word,Class 8,First Semester,U1,p.9,way_to_go_11-5568584ed0a8,concept-f85d1cb6342e,word,return,return,en_zh_choice|zh_en_choice|listening|spelling,,,missing,,,,,,,,,,,,No,,existing_csv,way_to_go_11_vocabulary_import.csv,,
look for,尋找,verb_phrase,phrase,Class 8,First Semester,U1,p.9,way_to_go_11-cf72471a6bd3,concept-f795afca318b,phrase,look for,look for,en_zh_choice|zh_en_choice|listening|spelling,,,missing,,,,,,,,,,,,No,,existing_csv,way_to_go_11_vocabulary_import.csv,,
find → found → found,找到；發現,verb,irregular_verb,Class 8,First Semester,U1,p.9,way_to_go_11-77e565dcf4b4,concept-da4fdc7e216a,verb_forms,find,find,en_zh_choice|verb_form_choice|verb_form_input|listening,,,missing,find,found,found,,,,,,,,,No,,existing_csv,way_to_go_11_vocabulary_import.csv,,
full,滿的,adjective,word,Class 8,First Semester,U1,p.9,way_to_go_11-0d930c8169f9,concept-a0a0b16ed2a2,word,full,full,en_zh_choice|zh_en_choice|listening|spelling,,,missing,,,,,,,,,,,,No,,existing_csv,way_to_go_11_vocabulary_import.csv,,
quickly,快地；迅速地,adverb,word,Class 8,First Semester,U1,p.9,way_to_go_11-5d3b2f831ebc,concept-055fa9d8dc2d,word,quickly,quickly,en_zh_choice|zh_en_choice|listening|spelling,,,missing,,,,,,,,,,,,No,,existing_csv,way_to_go_11_vocabulary_import.csv,,
happily,快樂地,adverb,word,Class 8,First Semester,U1,p.9,way_to_go_11-ed00a9979bed,concept-f8e14c7f77d4,word,happily,happily,en_zh_choice|zh_en_choice|listening|spelling,,,missing,,,,,,,,,,,,No,,existing_csv,way_to_go_11_vocabulary_import.csv,,
What's up? = What happened?,怎麼了；什麼事？,phrase,synonym_expression,Class 9,First Semester,U2,p.10,way_to_go_11-81eaa14d5952,concept-9cf778bea1bf,word_relation,What's up?,What's up?|What happened?,equivalent_choice|accepted_answer,What's up? = What happened?,怎麼了；什麼事？,source_phrase,,,,,,equivalent,What's up?|What happened?,,,,,No,,existing_csv,way_to_go_11_vocabulary_import.csv,,
for sure,無疑；肯定,adverb_phrase,phrase,Class 9,First Semester,U2,p.10,way_to_go_11-f4f8674c0356,concept-9a97b112985b,phrase,for sure,for sure,en_zh_choice|zh_en_choice|listening|spelling,,,missing,,,,,,,,,,,,No,,existing_csv,way_to_go_11_vocabulary_import.csv,,
if,是否,conjunction,word,Class 9,First Semester,U2,p.10,way_to_go_11-c3cba4232797,concept-e5cbe6e87411,word,if,if,en_zh_choice|zh_en_choice|listening|spelling,,,missing,,,,,,,,,,,,No,,existing_csv,way_to_go_11_vocabulary_import.csv,,
school fair,學校園遊會,noun_phrase,phrase,Class 9,First Semester,U2,p.10,way_to_go_11-f257330a0931,concept-3775a397a695,phrase,school fair,school fair,en_zh_choice|zh_en_choice|listening|spelling,,,missing,,,,,,,,,,,,No,,existing_csv,way_to_go_11_vocabulary_import.csv,,
town,城；鎮,noun,word,Class 9,First Semester,U2,p.10,way_to_go_11-7c41321bf548,concept-15c4cd41574e,word,town,town,en_zh_choice|zh_en_choice|listening|spelling,,,missing,,,,,,,,,,,,No,,existing_csv,way_to_go_11_vocabulary_import.csv,,
promise,保證,verb,word,Class 9,First Semester,U2,p.10,way_to_go_11-40dfabc4f54b,concept-58d00497a5bb,word,promise,promise,en_zh_choice|zh_en_choice|listening|spelling,,,missing,,,,,,,,,,,,No,,existing_csv,way_to_go_11_vocabulary_import.csv,,
mow the lawn,修剪草皮,verb_phrase,phrase,Class 9,First Semester,U2,p.10,way_to_go_11-e5802d27f0f6,concept-01ed572f2048,phrase,mow the lawn,mow the lawn,en_zh_choice|zh_en_choice|listening|spelling,,,missing,,,,,,,,,,,,No,,existing_csv,way_to_go_11_vocabulary_import.csv,,
go skateboarding,玩滑板,verb_phrase,phrase,Class 9,First Semester,U2,p.10,way_to_go_11-8ab60008cd8e,concept-eeef295cd046,phrase,go skateboarding,go skateboarding,en_zh_choice|zh_en_choice|listening|spelling,,,missing,,,,,,,,,,,,No,,existing_csv,way_to_go_11_vocabulary_import.csv,,
rest,休息；放鬆,verb,word,Class 9,First Semester,U2,p.10,way_to_go_11-0ad8ce818d4f,concept-2740f6f762fd,word,rest,rest,en_zh_choice|zh_en_choice|listening|spelling,,,missing,,,,,,,,,,,,No,,existing_csv,way_to_go_11_vocabulary_import.csv,,
babysit → babysat → babysat,當臨時保母,verb,irregular_verb,Class 9,First Semester,U2,p.10,way_to_go_11-5e109293fbe8,concept-1fb91ef70a6e,verb_forms,babysit,babysit,en_zh_choice|verb_form_choice|verb_form_input|listening,,,missing,babysit,babysat,babysat,,,,,,,,,No,,existing_csv,way_to_go_11_vocabulary_import.csv,,
as soon as I can,我盡快,phrase,phrase,Class 9,First Semester,U2,p.10,way_to_go_11-e19680416d5e,concept-45a0b5233cbc,phrase,as soon as I can,as soon as I can,en_zh_choice|zh_en_choice|listening,,,missing,,,,,,,,,,,,No,,existing_csv,way_to_go_11_vocabulary_import.csv,,
gain,增加,verb,word,Class 9,First Semester,U2,p.10,way_to_go_11-7228ce4d781d,concept-2cb4dac47c44,word,gain,gain,en_zh_choice|zh_en_choice|listening|spelling,,,missing,,,,,,,,,,,,No,,existing_csv,way_to_go_11_vocabulary_import.csv,,
leave → left → left,留下,verb,irregular_verb,Class 10,First Semester,U2,p.11,way_to_go_11-2d9b161c3bfb,concept-89ae4585e15b,verb_forms,leave,leave,en_zh_choice|verb_form_choice|verb_form_input|listening,,,missing,leave,left,left,,,,,,,,,No,,existing_csv,way_to_go_11_vocabulary_import.csv,,
go on a picnic,去野餐,verb_phrase,phrase,Class 10,First Semester,U2,p.11,way_to_go_11-24757a2a0af2,concept-4ed903d448ce,phrase,go on a picnic,go on a picnic,en_zh_choice|zh_en_choice|listening,,,missing,,,,,,,,,,,,No,,existing_csv,way_to_go_11_vocabulary_import.csv,,
go sailing,去航行,verb_phrase,phrase,Class 10,First Semester,U2,p.11,way_to_go_11-30fe82ec4ff0,concept-2a0366b4fee3,phrase,go sailing,go sailing,en_zh_choice|zh_en_choice|listening|spelling,,,missing,,,,,,,,,,,,No,,existing_csv,way_to_go_11_vocabulary_import.csv,,
do the laundry,洗衣服,verb_phrase,phrase,Class 10,First Semester,U2,p.11,way_to_go_11-ed2fcd899359,concept-8b65a7f64165,phrase,do the laundry,do the laundry,en_zh_choice|zh_en_choice|listening|spelling,,,missing,,,,,,,,,,,,No,,existing_csv,way_to_go_11_vocabulary_import.csv,,
vacuum,用吸塵器吸,verb,word,Class 10,First Semester,U2,p.11,way_to_go_11-2899ccdabf89,concept-512e24fc0cd6,word,vacuum,vacuum,en_zh_choice|zh_en_choice|listening|spelling,,,missing,,,,,,,,,,,,No,,existing_csv,way_to_go_11_vocabulary_import.csv,,
rug,小地毯,noun,word,Class 10,First Semester,U2,p.11,way_to_go_11-2f16e99de478,concept-2d32d8046bac,word,rug,rug,en_zh_choice|zh_en_choice|listening|spelling,,,missing,,,,,,,,,,,,No,,existing_csv,way_to_go_11_vocabulary_import.csv,,
chore,家事,noun,word,Class 10,First Semester,U2,p.11,way_to_go_11-b3cb38baef4c,concept-578acce2f93d,word,chore,chore,en_zh_choice|zh_en_choice|listening|spelling,,,missing,,,,,,,,,,,,No,,existing_csv,way_to_go_11_vocabulary_import.csv,,
allowance,零用錢,noun,word,Class 10,First Semester,U2,p.11,way_to_go_11-0ea8c83180dd,concept-087440a27e75,word,allowance,allowance,en_zh_choice|zh_en_choice|listening|spelling,,,missing,,,,,,,,,,,,No,,existing_csv,way_to_go_11_vocabulary_import.csv,,
trash / garbage,垃圾,noun,synonym_expression,Class 10,First Semester,U2,p.11,way_to_go_11-693ba410c612,concept-7a85362e9552,word_relation,trash,trash|garbage,equivalent_choice|accepted_answer,,,missing,,,,,,equivalent,trash|garbage,,,,,No,,existing_csv,way_to_go_11_vocabulary_import.csv,,
spirit,心態；態度,noun,word,Class 10,First Semester,U2,p.11,way_to_go_11-98fd47c09278,concept-33f22175bd14,word,spirit,spirit,en_zh_choice|zh_en_choice|listening|spelling,,,missing,,,,,,,,,,,,No,,existing_csv,way_to_go_11_vocabulary_import.csv,,
positive,肯定的；正面的,adjective,word,Class 10,First Semester,U2,p.11,way_to_go_11-d25843bd243b,concept-8565dfb7d839,word,positive,positive,en_zh_choice|zh_en_choice|listening|spelling,,,missing,,,,,,,,,,,,No,,existing_csv,way_to_go_11_vocabulary_import.csv,,
forever,永遠,adverb,word,Class 10,First Semester,U2,p.11,way_to_go_11-a0f4b6987e21,concept-e10c3f1969db,word,forever,forever,en_zh_choice|zh_en_choice|listening|spelling,,,missing,,,,,,,,,,,,No,,existing_csv,way_to_go_11_vocabulary_import.csv,,
a list of,一列……的清單,phrase,phrase,Class 10,First Semester,U2,p.11,way_to_go_11-9d12ff36ea3a,concept-33f24471a6ad,phrase,a list of,a list of,en_zh_choice|zh_en_choice|listening|spelling,,,missing,,,,,,,,,,,,No,,existing_csv,way_to_go_11_vocabulary_import.csv,,
That's the spirit.,這就對了。,phrase,phrase,Class 10,First Semester,U2,p.11,way_to_go_11-8e472ff93b2c,concept-6df86a798ea8,phrase,That's the spirit.,That's the spirit.,en_zh_choice|zh_en_choice|listening,That's the spirit.,這就對了。,source_phrase,,,,,,,,,,,,No,,existing_csv,way_to_go_11_vocabulary_import.csv,,
"The sooner <S1> <V1>, the sooner <S2> <V2>.",S1 越快 V1，S2 就能越快 V2。,grammar_form,grammar_form,Class 10,First Semester,U2,p.11,way_to_go_11-c9b99318102c,concept-4efa405e6820,grammar_pattern,,,grammar_choice|grammar_cloze,"The sooner you start, the sooner you will finish.",你越早開始，就能越早完成。,draft,,,,,,,,,,"The sooner you start, ________ you will finish.",the sooner,Yes,文法模板需以實際例句設定填空題答案；例句與填空為自動補強草稿，請依教材頁面確認後再啟用測驗,existing_csv,way_to_go_11_vocabulary_import.csv,,
answer,接（電話）；應（門）,verb,word,Class 11,First Semester,U2,p.12,way_to_go_11-bbd130e8726d,concept-2ee51b48c1d5,word,answer,answer,en_zh_choice|zh_en_choice|listening|spelling,,,missing,,,,,,,,,,,,No,,existing_csv,way_to_go_11_vocabulary_import.csv,,
drunk,酒醉的,adjective,word,Class 11,First Semester,U2,p.12,way_to_go_11-2a299d5bc54f,concept-bbb9a7c159a1,word,drunk,drunk,en_zh_choice|zh_en_choice|listening|spelling,,,missing,,,,,,,,,,,,No,,existing_csv,way_to_go_11_vocabulary_import.csv,,
don't / doesn't / didn't have to + <Vr>,不須,grammar_form,grammar_form,Class 11,First Semester,U2,p.12,way_to_go_11-a6f01fcfd9f8,concept-719217c60105,grammar_pattern,,,grammar_choice|grammar_cloze,You don't have to hurry.,你不必急。,draft,,,,,,,,,,You ________ hurry.,don't have to,Yes,文法模板需以實際例句設定填空題答案；例句與填空為自動補強草稿，請依教材頁面確認後再啟用測驗,existing_csv,way_to_go_11_vocabulary_import.csv,,
mustn't <Vr>,不准,grammar_form,grammar_form,Class 11,First Semester,U2,p.12,way_to_go_11-94ccc7ad099c,concept-8713486b80e1,grammar_pattern,,,grammar_choice|grammar_cloze,You mustn't touch that.,你不准碰那個。,draft,,,,,,,,,,You ________ touch that.,mustn't,Yes,文法模板需以實際例句設定填空題答案；例句與填空為自動補強草稿，請依教材頁面確認後再啟用測驗,existing_csv,way_to_go_11_vocabulary_import.csv,,
may <Vr>,可能,modal,grammar_form,Class 11,First Semester,U2,p.12,way_to_go_11-e5c9a7abd4a3,concept-36a389c952a4,grammar_pattern,,,grammar_choice|grammar_cloze,She may come later.,她可能晚一點來。,draft,,,,,,,,,,She ________ come later.,may,Yes,文法模板需以實際例句設定填空題答案；例句與填空為自動補強草稿，請依教材頁面確認後再啟用測驗,existing_csv,way_to_go_11_vocabulary_import.csv,,
must <Vr>,一定得做某事；八成……,modal,grammar_form,Class 11,First Semester,U2,p.12,way_to_go_11-ffef34dd86a5,concept-f9feef079495,grammar_pattern,,,grammar_choice|grammar_cloze,You must wear a helmet.,你一定得戴安全帽。,draft,,,,,,,,,,You ________ wear a helmet.,must,Yes,文法模板需以實際例句設定填空題答案；例句與填空為自動補強草稿，請依教材頁面確認後再啟用測驗,existing_csv,way_to_go_11_vocabulary_import.csv,,
meeting,會議,noun,word,Class 12,First Semester,U2,p.13,way_to_go_11-1e64e9d945c5,concept-40e1d13ae163,word,meeting,meeting,en_zh_choice|zh_en_choice|listening|spelling,,,missing,,,,,,,,,,,,No,,existing_csv,way_to_go_11_vocabulary_import.csv,,
wonder = want to know,想知道,verb,synonym_expression,Class 12,First Semester,U2,p.13,way_to_go_11-b9cde7a97053,concept-a04ee5cf67db,word_relation,wonder,wonder|want to know,equivalent_choice|accepted_answer,,,missing,,,,,,equivalent,wonder|want to know,,,,,No,,existing_csv,way_to_go_11_vocabulary_import.csv,,
start,開始；發動,verb,word,Class 12,First Semester,U2,p.13,way_to_go_11-1b02241bdcdc,concept-5be2706c8930,word,start,start,en_zh_choice|zh_en_choice|listening|spelling,,,missing,,,,,,,,,,,,No,,existing_csv,way_to_go_11_vocabulary_import.csv,,
come back from <place>,從（某地）回來,verb_phrase,phrase,Class 12,First Semester,U2,p.13,way_to_go_11-1e5f4d3d5143,concept-ad47ce567641,phrase,,come back from <place>,en_zh_choice|grammar_cloze,,,missing,,,,,,,,,,,,Yes,包含代號，需補實際例句後才能使用發音與填空題,existing_csv,way_to_go_11_vocabulary_import.csv,,
anywhere,在任何地方,adverb,word,Class 12,First Semester,U2,p.13,way_to_go_11-31a8e09b7b32,concept-765daaaad1fb,word,anywhere,anywhere,en_zh_choice|zh_en_choice|listening|spelling,,,missing,,,,,,,,,,,,No,,existing_csv,way_to_go_11_vocabulary_import.csv,,
must have + <Vpp>,一定已經做某事,grammar_form,grammar_form,Class 12,First Semester,U2,p.13,,,grammar_pattern,,must have + <Vpp>,grammar_choice|grammar_cloze,She may have missed the bus.,她可能錯過公車了。,draft,,,,,,,,,,She ________ missed the bus.,may have,Yes,已拆出 must 語意；仍需教材例句確認。,existing_csv,way_to_go_11_vocabulary_import.csv,,
may / might have + <Vpp>,可能已經做某事,grammar_form,grammar_form,Class 12,First Semester,U2,p.13,way_to_go_11-7170652d007e,concept-0434f0a2719e,grammar_pattern,,may / might have + <Vpp>,grammar_choice|grammar_cloze,She may have missed the bus.,她可能錯過公車了。,draft,,,,,,,,,,She ________ missed the bus.,may have,Yes,已拆出 may / might 語意；仍需教材例句確認。,existing_csv,way_to_go_11_vocabulary_import.csv,,
ring → rang → rung,發出鈴聲,verb,irregular_verb,Class 13,First Semester,U2,p.14,way_to_go_11-187095b5a860,concept-9f33bb059fda,verb_forms,ring,ring,en_zh_choice|verb_form_choice|verb_form_input|listening,,,missing,ring,rang,rung,,,,,,,,,No,,existing_csv,way_to_go_11_vocabulary_import.csv,,
asleep,睡著的,adjective,word,Class 13,First Semester,U2,p.14,way_to_go_11-1e82c3e722bc,concept-ad7f40e882a2,word,asleep,asleep,en_zh_choice|zh_en_choice|listening|spelling,,,missing,,,,,,,,,,,,No,,existing_csv,way_to_go_11_vocabulary_import.csv,,
awake,清醒的,adjective,word,Class 13,First Semester,U2,p.14,way_to_go_11-d40832aa7dd0,concept-92242fd9335e,word,awake,awake,en_zh_choice|zh_en_choice|listening|spelling,,,missing,,,,,,,,,,,,No,,existing_csv,way_to_go_11_vocabulary_import.csv,,
left,剩下的；留下的,adjective,word,Class 13,First Semester,U2,p.14,way_to_go_11-4340d8c5b87e,concept-4663b70267c2,word,left,left,en_zh_choice|zh_en_choice|listening|spelling,,,missing,,,,,,,,,,,,No,,existing_csv,way_to_go_11_vocabulary_import.csv,,
couple,一對（情侶；夫妻）,noun,word,Class 13,First Semester,U2,p.14,way_to_go_11-6c49ffcef1af,concept-de25a50a9c2a,word,couple,couple,en_zh_choice|zh_en_choice|listening|spelling,,,missing,,,,,,,,,,,,No,,existing_csv,way_to_go_11_vocabulary_import.csv,,
driving test,駕駛考試,noun_phrase,phrase,Class 13,First Semester,U2,p.14,way_to_go_11-95ef1b3c934f,concept-ee14d22ad391,phrase,driving test,driving test,en_zh_choice|zh_en_choice|listening|spelling,,,missing,,,,,,,,,,,,No,,existing_csv,way_to_go_11_vocabulary_import.csv,,
doorbell,門鈴,noun,word,Class 13,First Semester,U2,p.14,way_to_go_11-8dd80fa7d55b,concept-237137a0a24a,word,doorbell,doorbell,en_zh_choice|zh_en_choice|listening|spelling,,,missing,,,,,,,,,,,,No,,existing_csv,way_to_go_11_vocabulary_import.csv,,
noise,噪音,noun,word,Class 13,First Semester,U2,p.14,way_to_go_11-9c797c55d9ca,concept-7e82cea16f8e,word,noise,noise,en_zh_choice|zh_en_choice|listening|spelling,,,missing,,,,,,,,,,,,No,,existing_csv,way_to_go_11_vocabulary_import.csv,,
fair,公平的；公正的,adjective,word,Class 13,First Semester,U2,p.14,way_to_go_11-173f6f4ac632,concept-096c756d9ffc,word,fair,fair,en_zh_choice|zh_en_choice|listening|spelling,,,missing,,,,,,,,,,,,No,,existing_csv,way_to_go_11_vocabulary_import.csv,,
cycling,騎腳踏車運動,noun,word,Class 13,First Semester,U2,p.14,way_to_go_11-d497049bd5be,concept-206e3a5f3489,word,cycling,cycling,en_zh_choice|zh_en_choice|listening|spelling,,,missing,,,,,,,,,,,,No,,existing_csv,way_to_go_11_vocabulary_import.csv,,
superstitious,迷信的,adjective,word,Class 14,First Semester,U2,p.15,way_to_go_11-f613f7255f56,concept-12702762dc4d,word,superstitious,superstitious,en_zh_choice|zh_en_choice|listening|spelling,,,missing,,,,,,,,,,,,No,,existing_csv,way_to_go_11_vocabulary_import.csv,,
superstition,迷信,noun,word,Class 14,First Semester,U2,p.15,way_to_go_11-73bde0a555fd,concept-e05c4d2ef03a,word,superstition,superstition,en_zh_choice|zh_en_choice|listening|spelling,,,missing,,,,,,,,,,,,No,,existing_csv,way_to_go_11_vocabulary_import.csv,,
ladder,梯子,noun,word,Class 14,First Semester,U2,p.15,way_to_go_11-b0f21fbc2218,concept-c9735f0ac1ba,word,ladder,ladder,en_zh_choice|zh_en_choice|listening|spelling,,,missing,,,,,,,,,,,,No,,existing_csv,way_to_go_11_vocabulary_import.csv,,
death,死亡,noun,word,Class 14,First Semester,U2,p.15,way_to_go_11-bfe12eb7e8c0,concept-dca649fb442c,word,death,death,en_zh_choice|zh_en_choice|listening|spelling,,,missing,,,,,,,,,,,,No,,existing_csv,way_to_go_11_vocabulary_import.csv,,
license plate,車牌號碼,noun_phrase,phrase,Class 14,First Semester,U2,p.15,way_to_go_11-a0a5bb4abece,concept-602191da9dd3,phrase,license plate,license plate,en_zh_choice|zh_en_choice|listening|spelling,,,missing,,,,,,,,,,,,No,,existing_csv,way_to_go_11_vocabulary_import.csv,,
Friday the 13th,黑色星期五,noun_phrase,phrase,Class 14,First Semester,U2,p.15,way_to_go_11-6070e5b4fb6e,concept-c012bbeb5484,phrase,Friday the 13th,Friday the 13th,en_zh_choice|zh_en_choice|listening|spelling,,,missing,,,,,,,,,,,,No,,existing_csv,way_to_go_11_vocabulary_import.csv,,
the West,西方,noun,word,Class 14,First Semester,U2,p.15,way_to_go_11-6d2fb3df57f4,concept-5fef3cba9eef,word,the West,the West,en_zh_choice|zh_en_choice|listening|spelling,,,missing,,,,,,,,,,,,No,,existing_csv,way_to_go_11_vocabulary_import.csv,,
explain,解釋,verb,word,Class 14,First Semester,U2,p.15,way_to_go_11-8ca7451f5170,concept-d4a7994cc9f8,word,explain,explain,en_zh_choice|zh_en_choice|listening|spelling,,,missing,,,,,,,,,,,,No,,existing_csv,way_to_go_11_vocabulary_import.csv,,
hear of <N>,聽說某事,verb_phrase,phrase,Class 14,First Semester,U2,p.15,way_to_go_11-635bf23ff628,concept-1e8f1e693f20,phrase,,hear of <N>,en_zh_choice|grammar_cloze,,,missing,,,,,,,,,,,,Yes,包含代號，需補實際例句後才能使用發音與填空題,existing_csv,way_to_go_11_vocabulary_import.csv,,
point at,指著,verb_phrase,phrase,Class 14,First Semester,U2,p.15,way_to_go_11-095f1bc04b67,concept-5a46362ad225,phrase,point at,point at,en_zh_choice|zh_en_choice|listening|spelling,,,missing,,,,,,,,,,,,No,,existing_csv,way_to_go_11_vocabulary_import.csv,,
cut <sth> off,把……切除,verb_phrase,phrase,Class 14,First Semester,U2,p.15,way_to_go_11-8309c5d5ee29,concept-b13447d2f245,phrase,,cut <sth> off,en_zh_choice|grammar_cloze,,,missing,,,,,,,,,,,,Yes,包含代號，需補實際例句後才能使用發音與填空題,existing_csv,way_to_go_11_vocabulary_import.csv,,
prove,證明；證實,verb,word,Class 14,First Semester,U2,p.15,way_to_go_11-68aaacf5d841,concept-0a0bb7a330cf,word,prove,prove,en_zh_choice|zh_en_choice|listening|spelling,,,missing,,,,,,,,,,,,No,,existing_csv,way_to_go_11_vocabulary_import.csv,,
around,在……周圍；環繞,preposition,word,Class 14,First Semester,U2,p.15,way_to_go_11-1c984d47b53f,concept-2968b76e4086,word,around,around,en_zh_choice|zh_en_choice|listening|spelling,,,missing,,,,,,,,,,,,No,,existing_csv,way_to_go_11_vocabulary_import.csv,,
"For example, <S + V...>",例如,phrase,phrase,Class 14,First Semester,U2,p.15,way_to_go_11-05bc317f0e1a,concept-07d50934355b,phrase,,"For example, <S + V...>",en_zh_choice|grammar_cloze,,,missing,,,,,,,,,,,,Yes,包含代號，需補實際例句後才能使用發音與填空題,existing_csv,way_to_go_11_vocabulary_import.csv,,
North America,北美,noun,word,Class 15,First Semester,U2,p.15,way_to_go_11-f894ddf80d43,concept-663572b59906,word,North America,North America,en_zh_choice|zh_en_choice|listening|spelling,,,missing,,,,,,,,,,,,No,,existing_csv,way_to_go_11_vocabulary_import.csv,,
Asia,亞洲,noun,word,Class 15,First Semester,U2,p.15,way_to_go_11-536e07d7e7ff,concept-5c4204a1ce5c,word,Asia,Asia,en_zh_choice|zh_en_choice|listening|spelling,,,missing,,,,,,,,,,,,No,,existing_csv,way_to_go_11_vocabulary_import.csv,,
groundhog,土撥鼠,noun,word,Class 15,First Semester,U2,p.15,way_to_go_11-fa9613314894,concept-373641e44726,word,groundhog,groundhog,en_zh_choice|zh_en_choice|listening|spelling,,,missing,,,,,,,,,,,,No,,existing_csv,way_to_go_11_vocabulary_import.csv,,
rhyme,詩歌；韻文,noun,word,Class 15,First Semester,U2,p.15,way_to_go_11-a0c8558ee7a0,concept-6b7cc284643b,word,rhyme,rhyme,en_zh_choice|zh_en_choice|listening|spelling,,,missing,,,,,,,,,,,,No,,existing_csv,way_to_go_11_vocabulary_import.csv,,
penny,便士,noun,word,Class 15,First Semester,U2,p.15,way_to_go_11-c54879c83896,concept-6197064edccb,word,penny,penny,en_zh_choice|zh_en_choice|listening|spelling,,,missing,,,,,,,,,,,,No,,existing_csv,way_to_go_11_vocabulary_import.csv,,
coin,硬幣,noun,word,Class 15,First Semester,U2,p.15,way_to_go_11-8f43988a8adc,concept-2ffc607dfad2,word,coin,coin,en_zh_choice|zh_en_choice|listening|spelling,,,missing,,,,,,,,,,,,No,,existing_csv,way_to_go_11_vocabulary_import.csv,,
shadow,影子；陰影,noun,word,Class 15,First Semester,U2,p.15,way_to_go_11-c9e2139f2f48,concept-b683de11fc5d,word,shadow,shadow,en_zh_choice|zh_en_choice|listening|spelling,,,missing,,,,,,,,,,,,No,,existing_csv,way_to_go_11_vocabulary_import.csv,,
grass,青草,noun,word,Class 15,First Semester,U2,p.15,way_to_go_11-6acc10a9c6f1,concept-c7560cf10401,word,grass,grass,en_zh_choice|zh_en_choice|listening|spelling,,,missing,,,,,,,,,,,,No,,existing_csv,way_to_go_11_vocabulary_import.csv,,
pick <sth> up,撿起某物,verb_phrase,phrase,Class 15,First Semester,U2,p.16,way_to_go_11-80de8f276020,concept-af4606d735fa,phrase,,pick <sth> up,en_zh_choice|grammar_cloze,,,missing,,,,,,,,,,,,Yes,包含代號，需補實際例句後才能使用發音與填空題,existing_csv,way_to_go_11_vocabulary_import.csv,,
get rid of → got → got/gotten,去除,verb_phrase,irregular_verb,Class 15,First Semester,U2,p.16,way_to_go_11-5530f37f96e7,concept-1b9c8ad299c6,verb_forms,get rid of,get rid of,en_zh_choice|verb_form_choice|verb_form_input|listening,,,missing,get rid of,got,got/gotten,,,,,,,,,No,,existing_csv,way_to_go_11_vocabulary_import.csv,,
surprised,驚訝的,adjective,word,Class 16,First Semester,U2,p.17,way_to_go_11-08e1f5cbb479,concept-7923981bc705,word,surprised,surprised,en_zh_choice|zh_en_choice|listening|spelling,,,missing,,,,,,,,,,,,No,,existing_csv,way_to_go_11_vocabulary_import.csv,,
upset,不高興的；心煩意亂的,adjective,word,Class 16,First Semester,U2,p.17,way_to_go_11-d2e48dc1f735,concept-5dc4081e2bb8,word,upset,upset,en_zh_choice|zh_en_choice|listening|spelling,,,missing,,,,,,,,,,,,No,,existing_csv,way_to_go_11_vocabulary_import.csv,,
wet,濕的,adjective,word,Class 16,First Semester,U2,p.17,way_to_go_11-9185e7ef6a15,concept-8f5a171cde74,word,wet,wet,en_zh_choice|zh_en_choice|listening|spelling,,,missing,,,,,,,,,,,,No,,existing_csv,way_to_go_11_vocabulary_import.csv,,
cashier,收銀員,noun,word,Class 16,First Semester,U2,p.17,way_to_go_11-20117389dda4,concept-1a711ec670eb,word,cashier,cashier,en_zh_choice|zh_en_choice|listening|spelling,,,missing,,,,,,,,,,,,No,,existing_csv,way_to_go_11_vocabulary_import.csv,,
look like,看起來像,verb_phrase,phrase,Class 16,First Semester,U2,p.17,way_to_go_11-42d7d91d388b,concept-b4ed4b43f446,phrase,look like,look like,en_zh_choice|zh_en_choice|listening|spelling,,,missing,,,,,,,,,,,,No,,existing_csv,way_to_go_11_vocabulary_import.csv,,
happen,發生,verb,word,Class 16,First Semester,U2,p.17,way_to_go_11-0b94cae816fd,concept-a5ca3fa4f1f1,word,happen,happen,en_zh_choice|zh_en_choice|listening|spelling,,,missing,,,,,,,,,,,,No,,existing_csv,way_to_go_11_vocabulary_import.csv,,
think about <sth>,仔細思考某事,verb_phrase,phrase,Class 16,First Semester,U2,p.17,way_to_go_11-9c83eb2164ef,concept-22653e60ded0,phrase,,think about <sth>,en_zh_choice|grammar_cloze,,,missing,,,,,,,,,,,,Yes,包含代號，需補實際例句後才能使用發音與填空題,existing_csv,way_to_go_11_vocabulary_import.csv,,
shop for <sth>,買某物,verb_phrase,phrase,Class 16,First Semester,U2,p.17,way_to_go_11-f9463aeaa8c4,concept-d0779315919e,phrase,,shop for <sth>,en_zh_choice|grammar_cloze,,,missing,,,,,,,,,,,,Yes,包含代號，需補實際例句後才能使用發音與填空題,existing_csv,way_to_go_11_vocabulary_import.csv,,
carry → carried → carried,攜帶,verb,word,Class 16,First Semester,U2,p.17,way_to_go_11-2a274f34faf5,concept-7a133ffad9b0,word,carry → carried → carried,carry → carried → carried,en_zh_choice|zh_en_choice|listening|spelling,,,missing,,,,,,,,,,,,No,,existing_csv,way_to_go_11_vocabulary_import.csv,,
slip → slipped → slipped,滑倒,verb,word,Class 16,First Semester,U2,p.17,way_to_go_11-f1c269c3810d,concept-8b52cbad3c91,word,slip → slipped → slipped,slip → slipped → slipped,en_zh_choice|zh_en_choice|listening|spelling,,,missing,,,,,,,,,,,,No,,existing_csv,way_to_go_11_vocabulary_import.csv,,
fall down → fell → fallen,跌倒,verb,irregular_verb,Class 16,First Semester,U2,p.17,way_to_go_11-a15a05e7571a,concept-b771c3a4fe2f,verb_forms,fall down,fall down,en_zh_choice|verb_form_choice|verb_form_input|listening,,,missing,fall down,fell,fallen,,,,,,,,,No,,existing_csv,way_to_go_11_vocabulary_import.csv,,
lend → lent → lent,借出；借給,verb,irregular_verb,Class 17,First Semester,U3,p.18,way_to_go_11-64cced7f8b06,concept-9568f8a1127c,verb_forms,lend,lend,en_zh_choice|verb_form_choice|verb_form_input|listening,,,missing,lend,lent,lent,,,,,,,,,No,,existing_csv,way_to_go_11_vocabulary_import.csv,,
holdup,搶劫；停頓,noun,word,Class 17,First Semester,U3,p.18,way_to_go_11-5bfd9c13a7c4,concept-bf33823ddb79,word,holdup,holdup,en_zh_choice|zh_en_choice|listening|spelling,,,missing,,,,,,,,,,,,No,,existing_csv,way_to_go_11_vocabulary_import.csv,,
gym bag,體育用品袋,noun_phrase,phrase,Class 17,First Semester,U3,p.18,way_to_go_11-976e733092a8,concept-9a8c3c3aadfe,phrase,gym bag,gym bag,en_zh_choice|zh_en_choice|listening|spelling,,,missing,,,,,,,,,,,,No,,existing_csv,way_to_go_11_vocabulary_import.csv,,
locker,置物櫃,noun,word,Class 17,First Semester,U3,p.18,way_to_go_11-2c7125d1311b,concept-c5a0cef793a4,word,locker,locker,en_zh_choice|zh_en_choice|listening|spelling,,,missing,,,,,,,,,,,,No,,existing_csv,way_to_go_11_vocabulary_import.csv,,
violin,小提琴,noun,word,Class 17,First Semester,U3,p.18,way_to_go_11-9d3dde428d3d,concept-532c7735eba6,word,violin,violin,en_zh_choice|zh_en_choice|listening|spelling,,,missing,,,,,,,,,,,,No,,existing_csv,way_to_go_11_vocabulary_import.csv,,
dictionary,字典,noun,word,Class 17,First Semester,U3,p.18,way_to_go_11-4d159f16c46b,concept-f4c88ab2811f,word,dictionary,dictionary,en_zh_choice|zh_en_choice|listening|spelling,,,missing,,,,,,,,,,,,No,,existing_csv,way_to_go_11_vocabulary_import.csv,,
the <A> of the <B>,B 的 A,grammar_form,grammar_form,Class 17,First Semester,U3,p.18,way_to_go_11-495188971ecf,concept-3dc604614c5f,grammar_pattern,,,grammar_choice|grammar_cloze,The color of the sky is beautiful.,天空的顏色很美。,draft,,,,,,,,,,The ________ of the sky is beautiful.,color,Yes,文法模板需以實際例句設定填空題答案；例句與填空為自動補強草稿，請依教材頁面確認後再啟用測驗,existing_csv,way_to_go_11_vocabulary_import.csv,,
over,結束,adjective,word,Class 18,First Semester,U3,p.19,way_to_go_11-f63031d15df4,concept-45ed1502215d,word,over,over,en_zh_choice|zh_en_choice|listening|spelling,,,missing,,,,,,,,,,,,No,,existing_csv,way_to_go_11_vocabulary_import.csv,,
fancy,奢華的,adjective,word,Class 18,First Semester,U3,p.19,way_to_go_11-c414cce16583,concept-e2185e399204,word,fancy,fancy,en_zh_choice|zh_en_choice|listening|spelling,,,missing,,,,,,,,,,,,No,,existing_csv,way_to_go_11_vocabulary_import.csv,,
raise,加薪,noun,word,Class 18,First Semester,U3,p.19,way_to_go_11-52b1b1a13640,concept-9e105cb9a8f5,word,raise,raise,en_zh_choice|zh_en_choice|listening|spelling,,,missing,,,,,,,,,,,,No,,existing_csv,way_to_go_11_vocabulary_import.csv,,
kilogram,公斤,noun,word,Class 18,First Semester,U3,p.19,way_to_go_11-af54706d3135,concept-568657d487c5,word,kilogram,kilogram,en_zh_choice|zh_en_choice|listening|spelling,,,missing,,,,,,,,,,,,No,,existing_csv,way_to_go_11_vocabulary_import.csv,,
lifeguard,救生員,noun,word,Class 18,First Semester,U3,p.19,way_to_go_11-a022e9312cfc,concept-eebc816a3226,word,lifeguard,lifeguard,en_zh_choice|zh_en_choice|listening|spelling,,,missing,,,,,,,,,,,,No,,existing_csv,way_to_go_11_vocabulary_import.csv,,
gossip,閒話；八卦；說別人閒話,noun_verb,word,Class 18,First Semester,U3,p.19,way_to_go_11-1ff5d07c5217,concept-4b1e150444fc,word,gossip,gossip,en_zh_choice|zh_en_choice|listening|spelling,,,missing,,,,,,,,,,,,No,,existing_csv,way_to_go_11_vocabulary_import.csv,,
date <sb>,與某人談戀愛,verb_phrase,phrase,Class 18,First Semester,U3,p.19,way_to_go_11-0613f604b20d,concept-cf31f7739320,phrase,,date <sb>,en_zh_choice|grammar_cloze,,,missing,,,,,,,,,,,,Yes,包含代號，需補實際例句後才能使用發音與填空題,existing_csv,way_to_go_11_vocabulary_import.csv,,
join,加入,verb,word,Class 18,First Semester,U3,p.19,way_to_go_11-0c309b547f07,concept-34c0168d04e5,word,join,join,en_zh_choice|zh_en_choice|listening|spelling,,,missing,,,,,,,,,,,,No,,existing_csv,way_to_go_11_vocabulary_import.csv,,
last,持續,verb,word,Class 18,First Semester,U3,p.19,way_to_go_11-f5aa85ec27f6,concept-f7863f7cdf8d,word,last,last,en_zh_choice|zh_en_choice|listening|spelling,,,missing,,,,,,,,,,,,No,,existing_csv,way_to_go_11_vocabulary_import.csv,,
forget → forgot → forgotten,忘記,verb,irregular_verb,Class 18,First Semester,U3,p.19,way_to_go_11-8b82f37e813c,concept-941fa7bec304,verb_forms,forget,forget,en_zh_choice|verb_form_choice|verb_form_input|listening,,,missing,forget,forgot,forgotten,,,,,,,,,No,,existing_csv,way_to_go_11_vocabulary_import.csv,,
break up with <sb>,與某人分手,verb_phrase,phrase,Class 18,First Semester,U3,p.19,way_to_go_11-f1268eacbe18,concept-4fc446fcf8fd,phrase,,break up with <sb>,en_zh_choice|grammar_cloze,,,missing,,,,,,,,,,,,Yes,包含代號，需補實際例句後才能使用發音與填空題,existing_csv,way_to_go_11_vocabulary_import.csv,,
unbelievable,難以置信的,adjective,word,Class 18,First Semester,U3,p.19,way_to_go_11-d8bc3d09804e,concept-8cd645c124e5,word,unbelievable,unbelievable,en_zh_choice|zh_en_choice|listening|spelling,,,missing,,,,,,,,,,,,No,,existing_csv,way_to_go_11_vocabulary_import.csv,,
scene,（電影的）片段,noun,word,Class 18,First Semester,U3,p.19,way_to_go_11-0dec0970c213,concept-8f15f2214d3e,word,scene,scene,en_zh_choice|zh_en_choice|listening|spelling,,,missing,,,,,,,,,,,,No,,existing_csv,way_to_go_11_vocabulary_import.csv,,
several,數個；幾個,determiner,word,Class 18,First Semester,U3,p.19,way_to_go_11-dea593e478ba,concept-4077d16ed801,word,several,several,en_zh_choice|zh_en_choice|listening|spelling,,,missing,,,,,,,,,,,,No,,existing_csv,way_to_go_11_vocabulary_import.csv,,
leg,腿,noun,word,Class 19,First Semester,U3,p.20,way_to_go_11-45cb27af9f07,concept-6d632b96656f,word,leg,leg,en_zh_choice|zh_en_choice|listening|spelling,,,missing,,,,,,,,,,,,No,,existing_csv,way_to_go_11_vocabulary_import.csv,,
contest,比賽,noun,word,Class 19,First Semester,U3,p.20,way_to_go_11-6c4f72ff741c,concept-76e959c33ce8,word,contest,contest,en_zh_choice|zh_en_choice|listening|spelling,,,missing,,,,,,,,,,,,No,,existing_csv,way_to_go_11_vocabulary_import.csv,,
wrist,手腕,noun,word,Class 19,First Semester,U3,p.20,way_to_go_11-70c8cae88b9a,concept-c49fc1efa390,word,wrist,wrist,en_zh_choice|zh_en_choice|listening|spelling,,,missing,,,,,,,,,,,,No,,existing_csv,way_to_go_11_vocabulary_import.csv,,
the day before,那天之前,adverb_phrase,phrase,Class 19,First Semester,U3,p.20,way_to_go_11-7dc6000a39ff,concept-690d19eb9c71,phrase,the day before,the day before,en_zh_choice|zh_en_choice|listening|spelling,,,missing,,,,,,,,,,,,No,,existing_csv,way_to_go_11_vocabulary_import.csv,,
take ~ for a walk,帶……去散步,verb_phrase,phrase,Class 19,First Semester,U3,p.20,way_to_go_11-452130ca17f7,concept-b59081d94004,phrase,take ~ for a walk,take ~ for a walk,en_zh_choice|zh_en_choice|listening,,,missing,,,,,,,,,,,,No,,existing_csv,way_to_go_11_vocabulary_import.csv,,
sprain,扭傷,verb,word,Class 19,First Semester,U3,p.20,way_to_go_11-e5e0555b262e,concept-162cd1b34f78,word,sprain,sprain,en_zh_choice|zh_en_choice|listening|spelling,,,missing,,,,,,,,,,,,No,,existing_csv,way_to_go_11_vocabulary_import.csv,,
enter,參加,verb,word,Class 19,First Semester,U3,p.20,way_to_go_11-292bffd3eb04,concept-ec5aaf89a0b4,word,enter,enter,en_zh_choice|zh_en_choice|listening|spelling,,,missing,,,,,,,,,,,,No,,existing_csv,way_to_go_11_vocabulary_import.csv,,
catch a cold → caught → caught,感冒,verb,irregular_verb,Class 19,First Semester,U3,p.20,way_to_go_11-c7c203b4cbfb,concept-085e0d277b27,verb_forms,catch a cold,catch a cold,en_zh_choice|verb_form_choice|verb_form_input|listening,,,missing,catch a cold,caught,caught,,,,,,,,,No,,existing_csv,way_to_go_11_vocabulary_import.csv,,
past perfect tense + time,過去完成式＋時間,grammar_form,grammar_form,Class 19,First Semester,U3,p.20,way_to_go_11-62d963e262ce,concept-2fcaac5f5538,grammar_pattern,,,grammar_choice|grammar_cloze,"By 8 p.m., she had finished her homework.",晚上八點前，她已經完成作業。,draft,,,,,,,,,,"By 8 p.m., she ________ finished her homework.",had,Yes,文法模板需以實際例句設定填空題答案；例句與填空為自動補強草稿，請依教材頁面確認後再啟用測驗,existing_csv,way_to_go_11_vocabulary_import.csv,,
meals,餐,noun,word,Class 20,First Semester,U3,p.21,way_to_go_11-277b8cbf989f,concept-9dd1128c4063,word,meals,meals,en_zh_choice|zh_en_choice|listening|spelling,,,missing,,,,,,,,,,,,No,,existing_csv,way_to_go_11_vocabulary_import.csv,,
flight,班機,noun,word,Class 20,First Semester,U3,p.21,way_to_go_11-2177b3aa8580,concept-af229db6b206,word,flight,flight,en_zh_choice|zh_en_choice|listening|spelling,,,missing,,,,,,,,,,,,No,,existing_csv,way_to_go_11_vocabulary_import.csv,,
wedding,婚禮,noun,word,Class 20,First Semester,U3,p.21,way_to_go_11-7c4dea946f24,concept-12ba5c18801f,word,wedding,wedding,en_zh_choice|zh_en_choice|listening|spelling,,,missing,,,,,,,,,,,,No,,existing_csv,way_to_go_11_vocabulary_import.csv,,
miss,錯過,verb,word,Class 20,First Semester,U3,p.21,way_to_go_11-e3c4cd699d83,concept-7e731f8b3b76,word,miss,miss,en_zh_choice|zh_en_choice|listening|spelling,,,missing,,,,,,,,,,,,No,,existing_csv,way_to_go_11_vocabulary_import.csv,,
take off,（班機）起飛,verb_phrase,phrase,Class 20,First Semester,U3,p.21,way_to_go_11-7261e8e139ca,concept-53e8743fa439,phrase,take off,take off,en_zh_choice|zh_en_choice|listening|spelling,,,missing,,,,,,,,,,,,No,,existing_csv,way_to_go_11_vocabulary_import.csv,,
weigh,有……重；量體重,verb,word,Class 20,First Semester,U3,p.21,way_to_go_11-59e6289c2a2d,concept-00624d2498f1,word,weigh,weigh,en_zh_choice|zh_en_choice|listening|spelling,,,missing,,,,,,,,,,,,No,,existing_csv,way_to_go_11_vocabulary_import.csv,,
hot pot,火鍋,noun_phrase,phrase,Class 21,First Semester,U3,p.22,way_to_go_11-5595ff7f2416,concept-0e8d46f2925b,phrase,hot pot,hot pot,en_zh_choice|zh_en_choice|listening|spelling,,,missing,,,,,,,,,,,,No,,existing_csv,way_to_go_11_vocabulary_import.csv,,
sailing,帆船運動,noun,word,Class 21,First Semester,U3,p.22,way_to_go_11-2578bac7a67d,concept-9050b4fc43dd,word,sailing,sailing,en_zh_choice|zh_en_choice|listening|spelling,,,missing,,,,,,,,,,,,No,,existing_csv,way_to_go_11_vocabulary_import.csv,,
go hiking,去徒步旅行,verb_phrase,phrase,Class 21,First Semester,U3,p.22,way_to_go_11-b4c63f0b1a06,concept-83c527288b2b,phrase,go hiking,go hiking,en_zh_choice|zh_en_choice|listening|spelling,,,missing,,,,,,,,,,,,No,,existing_csv,way_to_go_11_vocabulary_import.csv,,
try → tried → tried,嘗試,verb,word,Class 21,First Semester,U3,p.22,way_to_go_11-85eb02b84455,concept-c01f82074254,word,try → tried → tried,try → tried → tried,en_zh_choice|zh_en_choice|listening|spelling,,,missing,,,,,,,,,,,,No,,existing_csv,way_to_go_11_vocabulary_import.csv,,
act → acted → acted,演戲,verb,word,Class 21,First Semester,U3,p.22,way_to_go_11-54f1629b1d2a,concept-089bed7de836,word,act → acted → acted,act → acted → acted,en_zh_choice|zh_en_choice|listening|spelling,,,missing,,,,,,,,,,,,No,,existing_csv,way_to_go_11_vocabulary_import.csv,,
meet → met → met,遇見,verb,irregular_verb,Class 21,First Semester,U3,p.22,way_to_go_11-5bac4d06f609,concept-0ccc22a7b7f6,verb_forms,meet,meet,en_zh_choice|verb_form_choice|verb_form_input|listening,,,missing,meet,met,met,,,,,,,,,No,,existing_csv,way_to_go_11_vocabulary_import.csv,,
in / for ages,很長一段時間了,adverb_phrase,phrase,Class 21,First Semester,U3,p.22,way_to_go_11-6f62cf14d24f,concept-07e07efae583,phrase,in / for ages,in / for ages,en_zh_choice|zh_en_choice|listening,,,missing,,,,,,,,,,,,No,,existing_csv,way_to_go_11_vocabulary_import.csv,,
on stage,舞台上,adverb_phrase,phrase,Class 21,First Semester,U3,p.22,way_to_go_11-17e2dae3953d,concept-899abde2e094,phrase,on stage,on stage,en_zh_choice|zh_en_choice|listening|spelling,,,missing,,,,,,,,,,,,No,,existing_csv,way_to_go_11_vocabulary_import.csv,,
come → came → come,來（到）,verb,irregular_verb,Class 22,First Semester,Review,p.22,way_to_go_11-d151ae0038d4,concept-842b6c1f5219,verb_forms,come,come,en_zh_choice|verb_form_choice|verb_form_input|listening,,,missing,come,came,come,,,,,,,,,No,,existing_csv,way_to_go_11_vocabulary_import.csv,,
ride → rode → ridden,騎乘,verb,irregular_verb,Class 22,First Semester,Review,p.22,way_to_go_11-7aca909ba88a,concept-4ee4b7c087ad,verb_forms,ride,ride,en_zh_choice|verb_form_choice|verb_form_input|listening,,,missing,ride,rode,ridden,,,,,,,,,No,,existing_csv,way_to_go_11_vocabulary_import.csv,,
drink → drank → drunk,喝；飲,verb,irregular_verb,Class 22,First Semester,Review,p.22,way_to_go_11-a5fb155ebe9e,concept-978727c2c3d3,verb_forms,drink,drink,en_zh_choice|verb_form_choice|verb_form_input|listening,,,missing,drink,drank,drunk,,,,,,,,,No,,existing_csv,way_to_go_11_vocabulary_import.csv,,
have → had → had,擁有；吃,verb,irregular_verb,Class 22,First Semester,Review,p.22,way_to_go_11-421e306c52d7,concept-fdba451cee69,verb_forms,have,have,en_zh_choice|verb_form_choice|verb_form_input|listening,,,missing,have,had,had,,,,,,,,,No,,existing_csv,way_to_go_11_vocabulary_import.csv,,
see → saw → seen,看到,verb,irregular_verb,Class 22,First Semester,Review,p.22,way_to_go_11-ffb2aeac87fd,concept-29f3d021d3e0,verb_forms,see,see,en_zh_choice|verb_form_choice|verb_form_input|listening,,,missing,see,saw,seen,,,,,,,,,No,,existing_csv,way_to_go_11_vocabulary_import.csv,,
go → went → gone,去；走,verb,irregular_verb,Class 22,First Semester,Review,p.22,way_to_go_11-ca0ccaa40a28,concept-7430fbb31316,verb_forms,go,go,en_zh_choice|verb_form_choice|verb_form_input|listening,,,missing,go,went,gone,,,,,,,,,No,,existing_csv,way_to_go_11_vocabulary_import.csv,,
eat → ate → eaten,吃；用餐,verb,irregular_verb,Class 22,First Semester,Review,p.22,way_to_go_11-b624571594fd,concept-aaa89a1306ef,verb_forms,eat,eat,en_zh_choice|verb_form_choice|verb_form_input|listening,,,missing,eat,ate,eaten,,,,,,,,,No,,existing_csv,way_to_go_11_vocabulary_import.csv,,
do → did → done,做；辦（某事）,verb,irregular_verb,Class 22,First Semester,Review,p.22,way_to_go_11-9e2e918fe8a2,concept-2b60cb501732,verb_forms,do,do,en_zh_choice|verb_form_choice|verb_form_input|listening,,,missing,do,did,done,,,,,,,,,No,,existing_csv,way_to_go_11_vocabulary_import.csv,,
swim → swam → swum,游泳,verb,irregular_verb,Class 22,First Semester,Review,p.22,way_to_go_11-915a48c8d646,concept-2ef5ec151aa4,verb_forms,swim,swim,en_zh_choice|verb_form_choice|verb_form_input|listening,,,missing,swim,swam,swum,,,,,,,,,No,,existing_csv,way_to_go_11_vocabulary_import.csv,,
sleep → slept → slept,睡（覺）,verb,irregular_verb,Class 22,First Semester,Review,p.22,way_to_go_11-7823f7e0a33b,concept-5973e1636f61,verb_forms,sleep,sleep,en_zh_choice|verb_form_choice|verb_form_input|listening,,,missing,sleep,slept,slept,,,,,,,,,No,,existing_csv,way_to_go_11_vocabulary_import.csv,,
sing → sang → sung,唱歌,verb,irregular_verb,Class 22,First Semester,Review,p.22,way_to_go_11-8feca500b6e2,concept-e36191c99d41,verb_forms,sing,sing,en_zh_choice|verb_form_choice|verb_form_input|listening,,,missing,sing,sang,sung,,,,,,,,,No,,existing_csv,way_to_go_11_vocabulary_import.csv,,
am/is/are → was/were → been,Be 動詞,verb,irregular_verb,Class 22,First Semester,Review,p.22,way_to_go_11-84d67cd25d90,concept-aa9122f2e9e4,verb_forms,am/is/are,am/is/are,en_zh_choice|verb_form_choice|verb_form_input|listening,,,missing,am/is/are,was/were,been,,,,,,,,,No,,existing_csv,way_to_go_11_vocabulary_import.csv,,
put → put → put,放；安置,verb,irregular_verb,Class 22,First Semester,Review,p.22,way_to_go_11-db5e50d25e89,concept-65ee45f3bdf3,verb_forms,put,put,en_zh_choice|verb_form_choice|verb_form_input|listening,,,missing,put,put,put,,,,,,,,,No,,existing_csv,way_to_go_11_vocabulary_import.csv,,
take → took → taken,搭；拿,verb,irregular_verb,Class 22,First Semester,Review,p.22,way_to_go_11-fe6f3d07b9f5,concept-4993aaf446ae,verb_forms,take,take,en_zh_choice|verb_form_choice|verb_form_input|listening,,,missing,take,took,taken,,,,,,,,,No,,existing_csv,way_to_go_11_vocabulary_import.csv,,
wear → wore → worn,穿著,verb,irregular_verb,Class 22,First Semester,Review,p.22,way_to_go_11-b2e164fb4192,concept-7135c6a94901,verb_forms,wear,wear,en_zh_choice|verb_form_choice|verb_form_input|listening,,,missing,wear,wore,worn,,,,,,,,,No,,existing_csv,way_to_go_11_vocabulary_import.csv,,
mow → mowed → mowed/mown,除（草）,verb,word,Class 22,First Semester,Review,p.22,way_to_go_11-d7ae3a75a482,concept-7e90de424980,word,mow → mowed → mowed/mown,mow → mowed → mowed/mown,en_zh_choice|zh_en_choice|listening|spelling,,,missing,,,,,,,,,,,,No,,existing_csv,way_to_go_11_vocabulary_import.csv,,
sit,坐；使就座,verb,word,Class 1,Second Semester,U3,p.23,way_to_go_11-13efce31d4ba,concept-b956e14c791b,word,sit,sit,en_zh_choice|zh_en_choice|listening|spelling,,,missing,,,,,,,,,,,,No,,existing_csv,way_to_go_11_vocabulary_import.csv,,
feel,感覺,verb,irregular_verb,Class 1,Second Semester,U3,p.23,way_to_go_11-7a5dd4064687,concept-6a1450e0e023,verb_forms,feel,feel|felt,en_zh_choice|verb_form_choice|verb_form_input|listening,I feel tired today.,我今天覺得很累。,curated,feel,felt,felt,,,,,,,,,No,動詞三態已補齊：feel → felt → felt。,existing_csv,way_to_go_11_vocabulary_import.csv,,
add,補充說；接著說,verb,word,Class 1,Second Semester,U3,p.23,way_to_go_11-d59733e4be68,concept-d765d26af266,word,add,add,en_zh_choice|zh_en_choice|listening|spelling,,,missing,,,,,,,,,,,,No,,existing_csv,way_to_go_11_vocabulary_import.csv,,
<V> alone,獨自做某事,verb_phrase,phrase,Class 1,Second Semester,U3,p.23,way_to_go_11-6d63e617c70f,concept-a623fd3b41a8,phrase,,<V> alone,en_zh_choice|grammar_cloze,,,missing,,,,,,,,,,,,Yes,包含代號，需補實際例句後才能使用發音與填空題,existing_csv,way_to_go_11_vocabulary_import.csv,,
Hawaii,夏威夷,noun,word,Class 1,Second Semester,U3,p.23,way_to_go_11-a20a12e5391d,concept-fd04126b5c71,word,Hawaii,Hawaii,en_zh_choice|zh_en_choice|listening|spelling,,,missing,,,,,,,,,,,,No,,existing_csv,way_to_go_11_vocabulary_import.csv,,
foreigner,外國人,noun,word,Class 1,Second Semester,U3,p.23,way_to_go_11-3f90ec664c48,concept-2b953d61a448,word,foreigner,foreigner,en_zh_choice|zh_en_choice|listening|spelling,,,missing,,,,,,,,,,,,No,,existing_csv,way_to_go_11_vocabulary_import.csv,,
summer camp,夏令營,noun_phrase,phrase,Class 1,Second Semester,U3,p.23,way_to_go_11-b60f484e0c5c,concept-e5bed7dfd735,phrase,summer camp,summer camp,en_zh_choice|zh_en_choice|listening|spelling,,,missing,,,,,,,,,,,,No,,existing_csv,way_to_go_11_vocabulary_import.csv,,
flight attendant,空服員,noun_phrase,phrase,Class 1,Second Semester,U3,p.23,way_to_go_11-f3c060efdafc,concept-d57cfd90cfde,phrase,flight attendant,flight attendant,en_zh_choice|zh_en_choice|listening|spelling,,,missing,,,,,,,,,,,,No,,existing_csv,way_to_go_11_vocabulary_import.csv,,
abroad,在國外；到國外,adverb,word,Class 1,Second Semester,U3,p.23,way_to_go_11-fbb074f431c6,concept-9a3cbcb959e7,word,abroad,abroad,en_zh_choice|zh_en_choice|listening|spelling,,,missing,,,,,,,,,,,,No,,existing_csv,way_to_go_11_vocabulary_import.csv,,
seldom,不常；很少；難得,adverb,word,Class 1,Second Semester,U3,p.23,way_to_go_11-267a26004bc1,concept-1eaa3bd37531,word,seldom,seldom,en_zh_choice|zh_en_choice|listening|spelling,,,missing,,,,,,,,,,,,No,,existing_csv,way_to_go_11_vocabulary_import.csv,,
in fact,事實上,adverb_phrase,phrase,Class 1,Second Semester,U3,p.23,way_to_go_11-e25008ba1559,concept-67d2731d8719,phrase,in fact,in fact,en_zh_choice|zh_en_choice|listening|spelling,,,missing,,,,,,,,,,,,No,,existing_csv,way_to_go_11_vocabulary_import.csv,,
tap,輕拍,verb,word,Class 2,Second Semester,U3,p.23,way_to_go_11-89525a5f9921,concept-a25d7841e501,word,tap,tap,en_zh_choice|zh_en_choice|listening|spelling,,,missing,,,,,,,,,,,,No,,existing_csv,way_to_go_11_vocabulary_import.csv,,
land,降落；登陸,verb,word,Class 2,Second Semester,U3,p.23,way_to_go_11-1e708888f0bb,concept-b405eebf0357,word,land,land,en_zh_choice|zh_en_choice|listening|spelling,,,missing,,,,,,,,,,,,No,,existing_csv,way_to_go_11_vocabulary_import.csv,,
go snorkeling,去浮潛,verb_phrase,phrase,Class 2,Second Semester,U3,p.23,way_to_go_11-53eb8485d14e,concept-1f08468003de,phrase,go snorkeling,go snorkeling,en_zh_choice|zh_en_choice|listening|spelling,,,missing,,,,,,,,,,,,No,,existing_csv,way_to_go_11_vocabulary_import.csv,,
jet-lag,時差,noun,word,Class 2,Second Semester,U3,p.23,way_to_go_11-13d464c91b0b,concept-42931ee5e2c3,word,jet-lag,jet-lag,en_zh_choice|zh_en_choice|listening|spelling,,,missing,,,,,,,,,,,,No,,existing_csv,way_to_go_11_vocabulary_import.csv,,
Hawaiian,夏威夷語,noun,word,Class 2,Second Semester,U3,p.23,way_to_go_11-0be8198c5b75,concept-52c49ca744b6,word,Hawaiian,Hawaiian,en_zh_choice|zh_en_choice|listening|spelling,,,missing,,,,,,,,,,,,No,,existing_csv,way_to_go_11_vocabulary_import.csv,,
shoulder,肩膀,noun,word,Class 2,Second Semester,U3,p.23,way_to_go_11-118d9ce395b4,concept-96bbcc438f67,word,shoulder,shoulder,en_zh_choice|zh_en_choice|listening|spelling,,,missing,,,,,,,,,,,,No,,existing_csv,way_to_go_11_vocabulary_import.csv,,
volcano,火山,noun,word,Class 2,Second Semester,U3,p.23,way_to_go_11-cf428e441c43,concept-700b9339ba26,word,volcano,volcano,en_zh_choice|zh_en_choice|listening|spelling,,,missing,,,,,,,,,,,,No,,existing_csv,way_to_go_11_vocabulary_import.csv,,
counselor,顧問,noun,word,Class 2,Second Semester,U3,p.23,way_to_go_11-4ea5a6d5da74,concept-ed9a7d85998b,word,counselor,counselor,en_zh_choice|zh_en_choice|listening|spelling,,,missing,,,,,,,,,,,,No,,existing_csv,way_to_go_11_vocabulary_import.csv,,
activity,活動,noun,word,Class 2,Second Semester,U3,p.23,way_to_go_11-01730b3e4af3,concept-db599ca71483,word,activity,activity,en_zh_choice|zh_en_choice|listening|spelling,,,missing,,,,,,,,,,,,No,,existing_csv,way_to_go_11_vocabulary_import.csv,,
homesick,想家的,adjective,word,Class 2,Second Semester,U3,p.23,way_to_go_11-a9ed6fa52f62,concept-53dd88c90af8,word,homesick,homesick,en_zh_choice|zh_en_choice|listening|spelling,,,missing,,,,,,,,,,,,No,,existing_csv,way_to_go_11_vocabulary_import.csv,,
as,當……時,conjunction,word,Class 2,Second Semester,U3,p.23,way_to_go_11-4967d91b35fa,concept-8f4f6b6d93f0,word,as,as,en_zh_choice|zh_en_choice|listening|spelling,,,missing,,,,,,,,,,,,No,,existing_csv,way_to_go_11_vocabulary_import.csv,,
